feedback_id,feedback_date,customer_id,csat_score,nps_score
F00001,2025-02-08,C01155,3,0
F00002,2025-02-12,C01059,5,9
F00003,2025-03-03,C00207,5,10
F00004,2025-08-17,C01046,3,8
F00005,2025-04-18,C01081,4,10
F00006,2025-11-18,C00110,4,10
F00007,2025-07-22,C00134,5,6
F00008,2025-10-31,C00483,4,9
F00009,2025-12-29,C00439,5,9
F00010,2025-11-10,C01022,4,9
F00011,2025-11-12,C01049,5,10
F00012,2025-04-11,C00563,5,6
F00013,2025-08-11,C00434,5,10
F00014,2025-04-14,C00260,5,9
F00015,2025-05-04,C00851,5,6
F00016,2025-12-15,C01048,5,10
F00017,2025-04-14,C00391,5,10
F00018,2025-04-10,C00154,5,10
F00019,2025-06-20,C01091,3,9
F00020,2025-07-11,C01180,5,8
F00021,2025-01-23,C00431,5,10
F00022,2025-08-19,C00933,5,10
F00023,2025-09-21,C00245,4,9
F00024,2025-05-30,C00402,4,10
F00025,2025-09-20,C00997,4,8
F00026,2025-12-27,C01162,5,8
F00027,2025-07-06,C00442,4,10
F00028,2025-04-07,C00267,5,8
F00029,2025-10-16,C00344,4,9
F00030,2025-08-15,C00463,5,10
F00031,2025-05-24,C00270,5,10
F00032,2025-02-17,C00123,2,8
F00033,2025-11-28,C00496,5,8
F00034,2025-03-22,C00166,5,9
F00035,2025-11-27,C00959,4,8
F00036,2025-09-06,C00355,5,9
F00037,2025-12-08,C00877,5,10
F00038,2025-12-02,C00376,5,7
F00039,2025-04-14,C00361,4,9
F00040,2025-09-19,C00920,5,8
F00041,2025-01-19,C00457,5,9
F00042,2025-02-22,C00992,3,7
F00043,2025-09-30,C01000,4,9
F00044,2025-04-13,C00460,5,10
F00045,2025-12-29,C00878,5,8
F00046,2025-12-05,C00730,4,10
F00047,2025-08-16,C00310,4,9
F00048,2025-10-09,C00530,5,10
F00049,2025-07-23,C00850,3,9
F00050,2025-12-23,C00975,3,9
F00051,2025-11-13,C00334,4,10
F00052,2025-11-14,C00304,3,10
F00053,2025-11-02,C00713,2,8
F00054,2025-02-25,C00305,5,10
F00055,2025-07-12,C00705,4,10
F00056,2025-03-17,C00692,4,9
F00057,2025-09-21,C01026,4,10
F00058,2025-02-02,C00267,5,10
F00059,2025-03-15,C00122,5,9
F00060,2025-01-12,C00513,5,10
F00061,2025-11-13,C00513,5,3
F00062,2025-08-27,C01097,4,8
F00063,2025-12-06,C00221,5,10
F00064,2025-08-01,C00687,5,10
F00065,2025-10-28,C00008,4,10
F00066,2025-09-15,C00521,5,9
F00067,2025-10-22,C00698,5,9
F00068,2025-08-29,C00715,1,10
F00069,2025-03-26,C00946,4,10
F00070,2025-10-21,C00434,5,10
F00071,2025-05-15,C00954,5,8
F00072,2025-04-19,C01020,5,9
F00073,2025-05-09,C00248,5,9
F00074,2025-12-05,C00577,1,9
F00075,2025-01-09,C00166,3,7
F00076,2025-01-25,C00056,3,10
F00077,2025-01-15,C00170,4,9
F00078,2025-07-12,C00500,4,0
F00079,2025-01-03,C00274,4,0
F00080,2025-04-05,C00402,5,10
F00081,2025-04-01,C00214,5,6
F00082,2025-07-03,C00713,3,10
F00083,2025-10-28,C00266,5,5
F00084,2025-06-21,C00444,5,9
F00085,2025-05-06,C00511,4,6
F00086,2025-06-13,C00691,5,10
F00087,2025-10-15,C00995,5,9
F00088,2025-12-31,C00794,3,4
F00089,2025-07-01,C00472,5,10
F00090,2025-01-01,C00814,2,0
F00091,2025-12-07,C00574,4,9
F00092,2025-03-15,C00736,5,10
F00093,2025-11-26,C00195,4,9
F00094,2025-03-23,C00736,5,10
F00095,2025-04-14,C00436,4,3
F00096,2025-10-24,C00230,3,8
F00097,2025-03-12,C01154,5,10
F00098,2025-07-26,C00111,5,8
F00099,2025-06-29,C00202,3,10
F00100,2025-02-18,C00067,5,10
F00101,2025-01-01,C00566,5,7
F00102,2025-11-24,C00870,5,10
F00103,2025-05-17,C00856,3,9
F00104,2025-06-03,C00649,5,9
F00105,2025-10-27,C00174,3,10
F00106,2025-08-21,C00614,5,10
F00107,2025-03-02,C00340,5,8
F00108,2025-06-27,C00286,5,10
F00109,2025-07-27,C01023,3,6
F00110,2025-09-02,C00266,1,10
F00111,2025-11-27,C00461,4,9
F00112,2025-12-25,C00301,3,10
F00113,2025-08-25,C00443,5,10
F00114,2025-09-15,C00313,5,5
F00115,2025-01-25,C01071,3,10
F00116,2025-04-11,C01051,5,8
F00117,2025-08-26,C01051,4,8
F00118,2025-03-04,C00549,5,10
F00119,2025-05-24,C00033,4,8
F00120,2025-09-21,C01081,4,10
F00121,2025-02-11,C00160,4,10
F00122,2025-09-01,C00351,5,7
F00123,2025-03-26,C00742,4,9
F00124,2025-04-23,C00359,4,9
F00125,2025-12-29,C00469,5,7
F00126,2025-02-08,C00154,5,8
F00127,2025-02-04,C00068,5,5
F00128,2025-12-03,C00304,5,10
F00129,2025-04-25,C00783,5,10
F00130,2025-12-15,C00035,5,10
F00131,2025-08-23,C00087,5,7
F00132,2025-09-16,C01008,4,9
F00133,2025-03-29,C00226,3,10
F00134,2025-02-08,C00095,4,10
F00135,2025-01-18,C00462,3,6
F00136,2025-01-15,C00262,5,9
F00137,2025-08-12,C00349,4,8
F00138,2025-09-24,C00762,5,9
F00139,2025-09-24,C00316,5,8
F00140,2025-05-19,C00844,3,9
F00141,2025-01-15,C00509,4,9
F00142,2025-03-26,C00451,4,8
F00143,2025-09-03,C00131,4,10
F00144,2025-06-01,C00885,5,10
F00145,2025-04-18,C00487,4,10
F00146,2025-10-09,C00809,3,10
F00147,2025-12-02,C00703,5,9
F00148,2025-10-12,C00655,4,9
F00149,2025-07-13,C00782,4,9
F00150,2025-11-01,C00110,5,10
F00151,2025-07-01,C01136,5,1
F00152,2025-07-19,C00760,5,9
F00153,2025-07-20,C01097,5,8
F00154,2025-10-10,C01095,4,10
F00155,2025-12-06,C00093,5,10
F00156,2025-06-28,C01170,5,0
F00157,2025-11-07,C00561,5,9
F00158,2025-01-28,C00857,3,9
F00159,2025-04-09,C00371,5,1
F00160,2025-06-15,C00695,4,10
F00161,2025-09-05,C00177,5,10
F00162,2025-03-18,C00396,5,8
F00163,2025-12-05,C00572,4,8
F00164,2025-11-30,C00113,3,7
F00165,2025-07-25,C00746,5,10
F00166,2025-05-09,C00084,3,8
F00167,2025-03-06,C00830,5,10
F00168,2025-08-07,C00186,5,10
F00169,2025-10-23,C00557,4,9
F00170,2025-10-09,C00733,4,9
F00171,2025-09-17,C00544,3,10
F00172,2025-09-20,C00230,3,10
F00173,2025-02-24,C00136,5,6
F00174,2025-07-10,C01062,2,9
F00175,2025-08-13,C01151,5,9
F00176,2025-12-04,C00519,5,10
F00177,2025-07-28,C00048,5,10
F00178,2025-10-15,C01076,3,9
F00179,2025-12-01,C00271,3,9
F00180,2025-09-30,C01016,5,10
F00181,2025-11-13,C01186,3,10
F00182,2025-12-15,C00359,3,9
F00183,2025-12-13,C00414,5,9
F00184,2025-09-20,C00128,4,10
F00185,2025-03-24,C00460,4,10
F00186,2025-01-17,C00971,4,10
F00187,2025-04-18,C00103,5,5
F00188,2025-02-08,C01097,5,9
F00189,2025-03-15,C00783,4,10
F00190,2025-07-28,C00876,5,10
F00191,2025-06-23,C00016,5,10
F00192,2025-11-01,C00548,5,8
F00193,2025-05-09,C00899,4,5
F00194,2025-11-20,C00221,5,9
F00195,2025-06-24,C00515,4,8
F00196,2025-03-11,C00850,3,10
F00197,2025-10-19,C00933,3,10
F00198,2025-02-23,C00027,5,10
F00199,2025-04-08,C00527,5,10
F00200,2025-07-28,C00153,2,0
F00201,2025-11-04,C00297,5,10
F00202,2025-03-13,C01024,2,10
F00203,2025-10-21,C00274,4,10
F00204,2025-08-11,C00591,5,9
F00205,2025-02-14,C00883,4,8
F00206,2025-04-19,C01066,5,8
F00207,2025-07-06,C00927,5,7
F00208,2025-10-12,C00104,5,4
F00209,2025-11-25,C00286,4,9
F00210,2025-07-16,C00564,4,10
F00211,2025-08-27,C00190,5,9
F00212,2025-05-26,C00511,3,8
F00213,2025-03-17,C01039,3,9
F00214,2025-07-29,C00684,4,8
F00215,2025-04-12,C00780,4,9
F00216,2025-03-20,C01025,4,8
F00217,2025-11-24,C00315,5,10
F00218,2025-04-12,C00574,4,8
F00219,2025-10-18,C00758,5,10
F00220,2025-02-02,C01090,4,10
F00221,2025-09-14,C00003,5,9
F00222,2025-09-09,C00564,4,9
F00223,2025-09-05,C00332,4,9
F00224,2025-10-09,C00537,5,7
F00225,2025-04-03,C00303,3,10
F00226,2025-04-27,C01182,4,8
F00227,2025-07-27,C00386,5,8
F00228,2025-07-20,C00352,5,10
F00229,2025-04-22,C00760,4,9
F00230,2025-12-17,C01106,3,4
F00231,2025-11-05,C00182,5,8
F00232,2025-03-28,C00240,5,9
F00233,2025-08-21,C00588,1,8
F00234,2025-11-06,C01129,5,7
F00235,2025-10-28,C00180,5,9
F00236,2025-11-12,C00633,5,10
F00237,2025-10-11,C00339,5,10
F00238,2025-03-24,C01033,5,9
F00239,2025-11-14,C00585,4,9
F00240,2025-07-22,C01041,4,10
F00241,2025-02-19,C00257,3,6
F00242,2025-02-04,C00802,4,7
F00243,2025-01-31,C00064,2,6
F00244,2025-08-28,C00379,3,6
F00245,2025-10-25,C00030,5,8
F00246,2025-06-26,C01007,1,9
F00247,2025-05-18,C00059,4,5
F00248,2025-12-12,C00275,3,9
F00249,2025-02-11,C00574,2,9
F00250,2025-06-06,C00876,4,9
F00251,2025-02-11,C00886,5,10
F00252,2025-02-20,C00226,4,9
F00253,2025-07-13,C01170,5,9
F00254,2025-01-16,C00231,5,10
F00255,2025-04-11,C01115,5,9
F00256,2025-04-08,C00930,5,7
F00257,2025-07-29,C00446,4,5
F00258,2025-05-19,C00094,5,0
F00259,2025-08-21,C00536,4,8
F00260,2025-04-08,C00543,4,10
F00261,2025-10-27,C00489,1,10
F00262,2025-09-08,C00029,3,10
F00263,2025-12-22,C00856,4,10
F00264,2025-02-28,C01189,5,10
F00265,2025-08-10,C00116,3,7
F00266,2025-05-13,C00710,5,9
F00267,2025-12-28,C01187,4,9
F00268,2025-01-02,C00231,4,10
F00269,2025-05-04,C00321,5,8
F00270,2025-06-14,C00687,3,9
F00271,2025-12-30,C00674,4,10
F00272,2025-01-04,C00932,3,10
F00273,2025-12-19,C00377,5,7
F00274,2025-06-07,C00232,4,6
F00275,2025-11-15,C01061,5,9
F00276,2025-12-19,C00384,4,9
F00277,2025-02-20,C00406,5,3
F00278,2025-05-28,C01050,5,10
F00279,2025-06-28,C00909,5,7
F00280,2025-10-19,C00644,5,9
F00281,2025-11-24,C00918,5,9
F00282,2025-06-13,C01070,5,10
F00283,2025-10-07,C00282,3,9
F00284,2025-07-16,C00807,4,10
F00285,2025-02-27,C00900,4,10
F00286,2025-12-07,C00051,5,9
F00287,2025-06-09,C00175,4,10
F00288,2025-01-29,C01105,5,0
F00289,2025-10-30,C00979,2,7
F00290,2025-11-25,C00369,5,9
F00291,2025-02-17,C01075,2,9
F00292,2025-12-30,C00549,3,1
F00293,2025-02-17,C00196,5,4
F00294,2025-09-28,C00400,5,8
F00295,2025-01-19,C00418,4,10
F00296,2025-07-27,C00777,5,10
F00297,2025-06-23,C01017,3,10
F00298,2025-04-13,C00272,4,9
F00299,2025-06-07,C00175,5,0
F00300,2025-07-31,C00829,4,10
F00301,2025-03-08,C00283,4,6
F00302,2025-01-03,C00894,5,6
F00303,2025-04-17,C00308,5,10
F00304,2025-11-17,C01193,5,8
F00305,2025-07-05,C00119,5,10
F00306,2025-03-27,C00724,5,6
F00307,2025-10-10,C01175,5,9
F00308,2025-11-13,C00948,5,7
F00309,2025-07-05,C00024,5,8
F00310,2025-03-28,C01157,5,9
F00311,2025-03-03,C00715,4,10
F00312,2025-12-12,C00494,4,8
F00313,2025-08-30,C01158,5,7
F00314,2025-12-31,C00182,5,4
F00315,2025-12-08,C00373,3,10
F00316,2025-10-04,C00065,3,10
F00317,2025-06-14,C00506,4,0
F00318,2025-11-29,C00812,5,10
F00319,2025-11-17,C00871,5,8
F00320,2025-09-05,C00096,5,8
F00321,2025-01-14,C00946,4,9
F00322,2025-04-29,C00247,5,10
F00323,2025-04-30,C00342,4,9
F00324,2025-03-26,C00843,5,9
F00325,2025-04-05,C00435,5,10
F00326,2025-09-28,C00778,4,8
F00327,2025-06-16,C00804,4,4
F00328,2025-04-11,C00201,3,0
F00329,2025-04-15,C01003,5,6
F00330,2025-05-24,C01182,2,10
F00331,2025-02-27,C01007,3,10
F00332,2025-09-12,C00965,5,9
F00333,2025-02-20,C00119,4,10
F00334,2025-09-28,C00088,3,10
F00335,2025-03-13,C01102,5,6
F00336,2025-08-16,C00345,3,9
F00337,2025-06-21,C00944,5,10
F00338,2025-11-09,C00355,4,10
F00339,2025-09-08,C00367,4,8
F00340,2025-03-25,C00082,5,9
F00341,2025-10-10,C00001,4,9
F00342,2025-02-16,C00696,5,5
F00343,2025-01-15,C00825,5,10
F00344,2025-11-27,C00772,5,10
F00345,2025-08-11,C00237,4,8
F00346,2025-01-10,C00361,5,7
F00347,2025-02-06,C01071,4,8
F00348,2025-03-31,C00665,4,9
F00349,2025-04-15,C00711,5,9
F00350,2025-08-07,C00368,5,10
F00351,2025-06-29,C00167,5,10
F00352,2025-07-29,C00682,4,10
F00353,2025-03-10,C01188,5,5
F00354,2025-09-14,C00534,5,10
F00355,2025-08-15,C00234,2,10
F00356,2025-06-04,C00588,5,10
F00357,2025-10-28,C00386,4,9
F00358,2025-09-08,C00056,5,7
F00359,2025-03-21,C00643,4,9
F00360,2025-12-17,C00401,5,10
F00361,2025-03-13,C01003,4,9
F00362,2025-10-23,C00203,5,10
F00363,2025-04-06,C00397,5,0
F00364,2025-06-15,C01072,3,10
F00365,2025-09-29,C00537,4,3
F00366,2025-04-02,C01073,5,9
F00367,2025-03-17,C00588,5,10
F00368,2025-10-24,C00836,3,0
F00369,2025-06-03,C00232,5,7
F00370,2025-10-14,C00022,5,9
F00371,2025-07-06,C00281,4,9
F00372,2025-03-28,C01096,3,8
F00373,2025-12-22,C00941,4,10
F00374,2025-08-03,C00067,4,6
F00375,2025-08-30,C00844,1,10
F00376,2025-04-14,C00763,4,8
F00377,2025-07-24,C00743,4,6
F00378,2025-09-05,C00869,3,8
F00379,2025-06-10,C00564,4,10
F00380,2025-01-04,C00556,4,8
F00381,2025-09-04,C00327,3,3
F00382,2025-04-11,C01050,4,4
F00383,2025-10-22,C00928,5,10
F00384,2025-01-20,C01146,4,4
F00385,2025-07-29,C01064,4,9
F00386,2025-07-06,C01123,5,10
F00387,2025-12-07,C00616,5,9
F00388,2025-03-02,C00050,5,8
F00389,2025-11-10,C00496,5,2
F00390,2025-04-06,C00447,5,10
F00391,2025-12-31,C00729,5,10
F00392,2025-08-01,C00401,1,8
F00393,2025-05-27,C00266,5,10
F00394,2025-09-04,C00175,5,9
F00395,2025-10-19,C00609,4,10
F00396,2025-09-15,C00270,5,10
F00397,2025-06-18,C00160,4,8
F00398,2025-01-06,C00843,3,10
F00399,2025-03-30,C00768,5,7
F00400,2025-04-13,C00662,4,9
F00401,2025-09-23,C00666,5,8
F00402,2025-06-08,C00955,5,10
F00403,2025-11-23,C00632,3,10
F00404,2025-04-03,C00322,5,10
F00405,2025-03-15,C00460,5,8
F00406,2025-08-20,C00813,4,10
F00407,2025-09-13,C00255,5,10
F00408,2025-12-28,C00461,3,10
F00409,2025-09-02,C00754,3,5
F00410,2025-09-21,C00161,4,10
F00411,2025-08-22,C01014,4,8
F00412,2025-06-11,C00779,5,9
F00413,2025-04-27,C00634,4,7
F00414,2025-09-02,C00142,5,5
F00415,2025-02-08,C00231,5,7
F00416,2025-10-14,C00118,2,8
F00417,2025-03-16,C00923,5,10
F00418,2025-01-31,C00779,5,10
F00419,2025-07-24,C00621,5,10
F00420,2025-08-20,C00254,4,0
F00421,2025-07-26,C00508,5,8
F00422,2025-04-24,C00870,4,9
F00423,2025-08-14,C00251,5,10
F00424,2025-02-22,C00036,5,10
F00425,2025-04-14,C00682,5,9
F00426,2025-03-19,C00271,5,9
F00427,2025-01-01,C00633,3,10
F00428,2025-02-09,C00500,4,8
F00429,2025-04-23,C00058,4,10
F00430,2025-02-09,C00122,5,9
F00431,2025-03-23,C00033,5,9
F00432,2025-01-31,C00716,5,8
F00433,2025-10-12,C00509,2,10
F00434,2025-06-07,C00019,4,9
F00435,2025-11-05,C00897,4,10
F00436,2025-11-13,C00673,4,9
F00437,2025-06-22,C00811,4,8
F00438,2025-02-04,C00343,5,10
F00439,2025-10-08,C00019,5,8
F00440,2025-06-23,C01188,4,8
F00441,2025-05-01,C00889,4,9
F00442,2025-04-24,C01050,3,8
F00443,2025-07-21,C00072,5,10
F00444,2025-01-25,C00220,5,9
F00445,2025-06-16,C00638,3,10
F00446,2025-08-01,C00978,3,10
F00447,2025-12-29,C01109,5,0
F00448,2025-03-21,C00538,5,8
F00449,2025-02-10,C00562,5,10
F00450,2025-05-18,C00259,3,8
F00451,2025-05-13,C00040,4,10
F00452,2025-10-06,C00598,4,9
F00453,2025-09-18,C00813,3,9
F00454,2025-05-24,C00347,5,8
F00455,2025-04-25,C00954,5,9
F00456,2025-08-19,C00655,4,0
F00457,2025-10-10,C00477,4,9
F00458,2025-02-04,C00782,5,10
F00459,2025-01-30,C01106,4,9
F00460,2025-12-31,C00330,4,9
F00461,2025-08-13,C00961,3,7
F00462,2025-08-01,C01004,3,9
F00463,2025-09-14,C01024,3,8
F00464,2025-10-09,C00187,3,8
F00465,2025-04-27,C00743,5,10
F00466,2025-03-29,C00910,4,7
F00467,2025-11-08,C00114,3,10
F00468,2025-11-20,C00847,5,9
F00469,2025-10-03,C00320,1,10
F00470,2025-12-06,C00989,5,4
F00471,2025-02-17,C01073,4,8
F00472,2025-03-17,C00337,5,9
F00473,2025-07-05,C00422,4,10
F00474,2025-10-30,C00734,3,8
F00475,2025-04-09,C00634,4,10
F00476,2025-08-25,C00833,5,9
F00477,2025-04-28,C01006,4,7
F00478,2025-02-18,C01175,5,10
F00479,2025-09-19,C00309,3,0
F00480,2025-01-17,C01148,5,8
F00481,2025-11-25,C01049,5,9
F00482,2025-01-08,C00292,4,8
F00483,2025-12-04,C00283,5,8
F00484,2025-01-17,C00551,4,10
F00485,2025-10-16,C01100,1,10
F00486,2025-08-16,C00922,3,9
F00487,2025-09-05,C00614,3,10
F00488,2025-08-31,C00287,4,8
F00489,2025-02-03,C01173,3,7
F00490,2025-04-29,C01149,5,10
F00491,2025-03-03,C00668,5,9
F00492,2025-11-23,C00276,5,10
F00493,2025-08-19,C01045,1,10
F00494,2025-06-17,C01083,5,9
F00495,2025-10-16,C01080,4,10
F00496,2025-07-12,C00310,3,10
F00497,2025-10-25,C00887,5,10
F00498,2025-07-24,C00151,4,9
F00499,2025-06-26,C01017,4,10
F00500,2025-02-13,C00243,4,10
F00501,2025-07-22,C01022,3,9
F00502,2025-10-21,C00531,5,9
F00503,2025-07-27,C00191,5,9
F00504,2025-01-01,C00164,3,10
F00505,2025-11-27,C00881,4,10
F00506,2025-02-27,C00104,5,10
F00507,2025-09-07,C00735,4,0
F00508,2025-03-17,C00735,3,5
F00509,2025-04-13,C00205,4,7
F00510,2025-06-10,C00998,5,10
F00511,2025-07-29,C00594,5,10
F00512,2025-06-13,C00778,5,8
F00513,2025-11-06,C00126,5,9
F00514,2025-06-26,C00584,5,4
F00515,2025-09-11,C00075,3,10
F00516,2025-06-06,C00129,4,10
F00517,2025-01-14,C00147,3,0
F00518,2025-11-19,C00077,3,9
F00519,2025-04-18,C00628,4,5
F00520,2025-06-16,C00462,3,8
F00521,2025-06-01,C00261,1,9
F00522,2025-10-15,C01137,5,7
F00523,2025-02-15,C01066,5,8
F00524,2025-05-10,C00287,4,10
F00525,2025-01-21,C00901,3,10
F00526,2025-01-30,C00919,3,10
F00527,2025-10-07,C00415,5,10
F00528,2025-10-25,C00875,4,9
F00529,2025-01-09,C00205,5,10
F00530,2025-01-05,C00272,5,9
F00531,2025-09-17,C00747,5,7
F00532,2025-02-02,C00745,4,8
F00533,2025-05-17,C00215,4,10
F00534,2025-07-02,C00347,3,8
F00535,2025-06-20,C00020,5,10
F00536,2025-02-18,C00203,5,8
F00537,2025-07-30,C00455,3,9
F00538,2025-06-11,C00900,4,7
F00539,2025-11-11,C00721,5,7
F00540,2025-05-08,C00732,5,9
F00541,2025-08-05,C01121,5,10
F00542,2025-04-09,C00406,3,8
F00543,2025-11-06,C00765,5,9
F00544,2025-12-28,C00291,5,10
F00545,2025-09-02,C01015,2,10
F00546,2025-12-02,C00747,4,9
F00547,2025-02-19,C00661,4,9
F00548,2025-02-16,C00637,5,8
F00549,2025-12-20,C00748,4,9
F00550,2025-04-11,C00108,5,4
F00551,2025-06-16,C00867,5,5
F00552,2025-03-02,C01098,3,10
F00553,2025-05-20,C01081,2,9
F00554,2025-05-08,C01014,5,9
F00555,2025-10-20,C00599,5,9
F00556,2025-06-06,C00363,3,9
F00557,2025-07-26,C00256,1,9
F00558,2025-02-01,C00409,5,7
F00559,2025-05-02,C01131,5,10
F00560,2025-10-09,C00784,5,7
F00561,2025-01-29,C00583,4,10
F00562,2025-09-23,C00430,5,10
F00563,2025-08-06,C00890,2,9
F00564,2025-04-27,C00740,4,9
F00565,2025-10-19,C00945,4,10
F00566,2025-11-19,C00924,4,8
F00567,2025-02-15,C00473,5,8
F00568,2025-12-12,C01002,4,0
F00569,2025-01-11,C00048,4,8
F00570,2025-07-22,C00963,3,8
F00571,2025-11-17,C00630,2,9
F00572,2025-01-28,C00216,5,7
F00573,2025-09-10,C00035,5,10
F00574,2025-08-13,C00386,3,10
F00575,2025-06-16,C00489,1,10
F00576,2025-01-07,C00374,4,10
F00577,2025-04-14,C00314,5,10
F00578,2025-09-28,C00929,3,9
F00579,2025-09-08,C00795,4,5
F00580,2025-09-27,C01163,4,9
F00581,2025-10-07,C01129,5,9
F00582,2025-12-15,C01039,5,10
F00583,2025-09-17,C00402,2,7
F00584,2025-07-12,C00547,4,10
F00585,2025-12-05,C00854,2,10
F00586,2025-10-30,C00560,3,6
F00587,2025-07-29,C00632,5,1
F00588,2025-11-04,C00751,5,10
F00589,2025-08-11,C00180,4,10
F00590,2025-09-07,C00166,4,9
F00591,2025-03-01,C00085,5,1
F00592,2025-10-14,C00378,4,10
F00593,2025-04-11,C00464,3,4
F00594,2025-11-29,C00873,5,9
F00595,2025-06-07,C00178,4,10
F00596,2025-11-17,C00983,5,10
F00597,2025-03-09,C00192,4,10
F00598,2025-12-18,C00174,4,7
F00599,2025-09-11,C00574,5,10
F00600,2025-04-03,C00709,5,8
F00601,2025-10-03,C00464,4,10
F00602,2025-03-15,C00380,5,10
F00603,2025-01-30,C00987,5,10
F00604,2025-08-15,C00099,5,9
F00605,2025-01-05,C01133,4,10
F00606,2025-02-03,C00556,3,9
F00607,2025-10-13,C00262,5,9
F00608,2025-01-27,C00926,4,10
F00609,2025-08-04,C00294,5,10
F00610,2025-08-01,C00789,4,4
F00611,2025-09-22,C00849,5,9
F00612,2025-10-06,C00217,3,8
F00613,2025-03-12,C00778,3,5
F00614,2025-12-11,C00930,2,10
F00615,2025-07-03,C01179,3,10
F00616,2025-04-07,C00713,3,9
F00617,2025-08-20,C00902,5,9
F00618,2025-05-26,C00662,4,10
F00619,2025-08-05,C00728,4,6
F00620,2025-05-13,C00672,3,10
F00621,2025-03-05,C00993,5,9
F00622,2025-11-30,C00685,4,9
F00623,2025-09-07,C00957,2,4
F00624,2025-05-20,C01140,5,8
F00625,2025-11-17,C00602,5,10
F00626,2025-07-09,C00459,4,10
F00627,2025-02-07,C00237,4,8
F00628,2025-06-12,C00114,5,7
F00629,2025-03-25,C00367,5,8
F00630,2025-10-02,C00388,4,10
F00631,2025-03-05,C01086,5,10
F00632,2025-05-09,C00250,5,4
F00633,2025-03-30,C00072,2,9
F00634,2025-10-11,C00157,3,9
F00635,2025-05-09,C00266,4,10
F00636,2025-12-09,C00204,4,9
F00637,2025-10-06,C01150,5,10
F00638,2025-11-17,C00513,2,10
F00639,2025-03-12,C00066,4,8
F00640,2025-01-04,C00527,5,2
F00641,2025-10-22,C00545,3,8
F00642,2025-01-25,C01091,5,9
F00643,2025-11-25,C00147,5,8
F00644,2025-10-20,C00969,5,10
F00645,2025-05-24,C00307,5,9
F00646,2025-08-18,C00141,4,10
F00647,2025-06-12,C00848,4,9
F00648,2025-01-28,C00232,3,10
F00649,2025-11-30,C00130,5,10
F00650,2025-05-18,C00416,5,9
F00651,2025-05-16,C00130,5,9
F00652,2025-05-07,C00814,3,9
F00653,2025-04-07,C01161,5,8
F00654,2025-06-14,C00971,4,8
F00655,2025-12-06,C00668,4,9
F00656,2025-10-04,C01016,5,9
F00657,2025-10-27,C01192,4,7
F00658,2025-09-25,C00481,5,9
F00659,2025-03-30,C00616,5,9
F00660,2025-11-19,C00535,3,7
F00661,2025-02-15,C00637,5,10
F00662,2025-04-17,C00718,5,10
F00663,2025-09-05,C00870,4,7
F00664,2025-03-03,C00284,5,7
F00665,2025-04-27,C00994,5,9
F00666,2025-01-31,C00130,4,10
F00667,2025-03-18,C00124,4,10
F00668,2025-09-02,C00838,5,9
F00669,2025-12-25,C00012,4,10
F00670,2025-04-05,C00075,5,8
F00671,2025-07-04,C00532,5,10
F00672,2025-11-29,C00165,4,9
F00673,2025-04-16,C00288,5,10
F00674,2025-04-25,C01156,3,8
F00675,2025-12-07,C00683,5,8
F00676,2025-02-14,C00386,4,10
F00677,2025-10-12,C01015,3,9
F00678,2025-01-09,C00872,5,9
F00679,2025-08-22,C01065,5,10
F00680,2025-09-22,C00258,4,10
F00681,2025-03-29,C01095,4,10
F00682,2025-11-28,C00454,5,10
F00683,2025-06-29,C00039,4,4
F00684,2025-12-20,C00912,5,8
F00685,2025-10-16,C00542,3,10
F00686,2025-01-25,C00518,5,10
F00687,2025-08-11,C00893,5,1
F00688,2025-05-10,C00830,2,9
F00689,2025-03-24,C00785,4,9
F00690,2025-07-28,C00871,3,0
F00691,2025-04-11,C00418,3,10
F00692,2025-07-08,C00966,5,9
F00693,2025-08-25,C00098,4,9
F00694,2025-10-04,C00721,4,6
F00695,2025-03-15,C00190,5,9
F00696,2025-03-20,C00688,5,10
F00697,2025-12-08,C01076,5,7
F00698,2025-09-16,C01126,5,10
F00699,2025-03-05,C00836,5,6
F00700,2025-10-29,C00420,4,8
F00701,2025-01-30,C00588,4,10
F00702,2025-07-25,C00162,5,10
F00703,2025-07-04,C00665,5,4
F00704,2025-02-06,C01049,5,9
F00705,2025-07-25,C01035,5,9
F00706,2025-10-08,C00306,5,10
F00707,2025-08-10,C00461,1,6
F00708,2025-01-01,C00158,5,8
F00709,2025-07-02,C00434,5,8
F00710,2025-03-10,C00671,4,4
F00711,2025-10-18,C00054,4,5
F00712,2025-01-17,C00085,5,10
F00713,2025-05-05,C00828,3,5
F00714,2025-07-19,C00830,5,8
F00715,2025-08-20,C00461,3,10
F00716,2025-02-16,C00104,2,7
F00717,2025-01-06,C00086,4,10
F00718,2025-09-14,C00687,5,9
F00719,2025-03-05,C00015,5,10
F00720,2025-03-04,C00569,5,9
F00721,2025-05-03,C00321,4,7
F00722,2025-06-01,C00355,4,8
F00723,2025-12-25,C00668,3,5
F00724,2025-09-20,C00326,5,8
F00725,2025-07-01,C01188,5,9
F00726,2025-02-15,C00192,5,10
F00727,2025-11-21,C00839,5,10
F00728,2025-03-06,C00064,3,7
F00729,2025-10-05,C00867,4,10
F00730,2025-12-23,C00212,5,9
F00731,2025-06-14,C01024,3,9
F00732,2025-03-15,C00205,5,10
F00733,2025-05-24,C00017,3,0
F00734,2025-09-12,C00359,4,6
F00735,2025-03-04,C01084,4,8
F00736,2025-04-16,C00480,5,7
F00737,2025-01-18,C00103,5,9
F00738,2025-04-26,C00171,5,8
F00739,2025-11-27,C00028,5,10
F00740,2025-07-19,C00109,4,6
F00741,2025-07-21,C00956,4,0
F00742,2025-07-27,C00213,4,9
F00743,2025-06-10,C00153,5,8
F00744,2025-09-23,C00080,5,10
F00745,2025-05-09,C00954,4,5
F00746,2025-05-30,C01179,4,7
F00747,2025-08-08,C00409,3,6
F00748,2025-04-08,C00019,5,5
F00749,2025-06-21,C00796,4,9
F00750,2025-03-03,C00520,5,6
F00751,2025-03-25,C00462,5,10
F00752,2025-04-29,C00373,4,10
F00753,2025-04-15,C00854,4,10
F00754,2025-03-25,C00798,5,9
F00755,2025-11-18,C00759,5,10
F00756,2025-06-20,C00425,5,10
F00757,2025-08-23,C00344,5,8
F00758,2025-01-20,C01079,4,9
F00759,2025-10-17,C00096,5,10
F00760,2025-07-01,C00628,5,10
F00761,2025-03-26,C01174,5,9
F00762,2025-05-26,C00547,5,10
F00763,2025-08-20,C00142,5,8
F00764,2025-10-29,C00610,4,9
F00765,2025-05-12,C01133,5,10
F00766,2025-08-03,C00972,2,10
F00767,2025-11-15,C00648,4,9
F00768,2025-08-31,C00291,5,10
F00769,2025-10-11,C00080,4,6
F00770,2025-02-15,C00435,5,9
F00771,2025-06-26,C01045,4,4
F00772,2025-09-24,C00002,3,10
F00773,2025-05-30,C00825,4,1
F00774,2025-09-27,C00266,5,10
F00775,2025-07-29,C00402,4,9
F00776,2025-01-20,C00841,5,8
F00777,2025-01-05,C01072,4,9
F00778,2025-10-09,C01092,5,5
F00779,2025-08-09,C01047,5,9
F00780,2025-01-03,C00684,4,9
F00781,2025-11-20,C00553,5,10
F00782,2025-09-12,C01012,3,3
F00783,2025-12-06,C00957,4,10
F00784,2025-10-07,C00384,5,10
F00785,2025-10-18,C00461,5,9
F00786,2025-09-19,C01096,5,10
F00787,2025-04-26,C00681,4,8
F00788,2025-11-16,C00799,3,8
F00789,2025-02-06,C00696,2,9
F00790,2025-09-07,C00445,5,8
F00791,2025-08-08,C01051,2,10
F00792,2025-03-13,C00613,4,9
F00793,2025-11-29,C00892,4,4
F00794,2025-06-29,C00717,1,9
F00795,2025-05-15,C01106,4,9
F00796,2025-12-02,C00758,5,1
F00797,2025-09-30,C00208,2,9
F00798,2025-12-04,C01083,3,10
F00799,2025-08-06,C00347,5,7
F00800,2025-09-03,C01086,5,10
F00801,2025-11-10,C00658,4,0
F00802,2025-08-15,C00917,4,9
F00803,2025-09-30,C00099,5,6
F00804,2025-07-10,C00083,4,10
F00805,2025-02-21,C00553,1,7
F00806,2025-10-27,C00846,5,9
F00807,2025-02-09,C00320,5,10
F00808,2025-10-21,C00419,3,9
F00809,2025-07-25,C00246,4,8
F00810,2025-11-20,C00271,4,7
F00811,2025-03-23,C00564,5,7
F00812,2025-01-05,C00629,4,8
F00813,2025-10-07,C00479,4,9
F00814,2025-08-19,C00613,5,9
F00815,2025-02-24,C00537,5,7
F00816,2025-02-25,C00914,5,10
F00817,2025-09-23,C00370,4,8
F00818,2025-04-14,C00285,5,10
F00819,2025-11-09,C00210,4,7
F00820,2025-05-18,C00676,5,10
F00821,2025-08-14,C01088,5,9
F00822,2025-09-26,C00087,4,10
F00823,2025-09-07,C00790,5,4
F00824,2025-12-13,C00020,4,10
F00825,2025-06-12,C00444,5,9
F00826,2025-02-02,C00508,5,1
F00827,2025-05-01,C00314,3,10
F00828,2025-03-04,C00225,5,0
F00829,2025-06-01,C00383,5,10
F00830,2025-11-27,C00860,3,5
F00831,2025-07-29,C00161,3,8
F00832,2025-09-05,C00706,4,8
F00833,2025-05-25,C00179,4,10
F00834,2025-05-27,C00936,4,8
F00835,2025-08-22,C01149,4,10
F00836,2025-07-17,C01022,4,5
F00837,2025-06-05,C00462,5,8
F00838,2025-10-16,C00941,5,8
F00839,2025-02-12,C00169,5,10
F00840,2025-07-08,C00919,4,10
F00841,2025-06-16,C00601,3,10
F00842,2025-05-19,C01021,5,10
F00843,2025-02-20,C01019,3,8
F00844,2025-10-24,C00445,4,7
F00845,2025-02-13,C00841,5,6
F00846,2025-12-15,C00347,5,9
F00847,2025-01-20,C00476,4,9
F00848,2025-08-14,C00536,4,10
F00849,2025-11-24,C01158,4,10
F00850,2025-05-15,C00252,5,9
F00851,2025-01-16,C00665,3,10
F00852,2025-12-18,C00202,5,9
F00853,2025-02-06,C00508,5,9
F00854,2025-11-02,C00150,5,8
F00855,2025-07-25,C00178,4,10
F00856,2025-09-30,C00916,4,10
F00857,2025-06-05,C01173,5,10
F00858,2025-07-13,C00947,3,5
F00859,2025-09-21,C00045,5,10
F00860,2025-05-14,C01000,5,10
F00861,2025-03-27,C00636,2,10
F00862,2025-10-15,C00611,5,8
F00863,2025-12-25,C01173,5,10
F00864,2025-02-25,C00684,5,0
F00865,2025-08-16,C01005,3,9
F00866,2025-04-27,C00973,1,8
F00867,2025-03-31,C00792,4,8
F00868,2025-05-17,C00369,3,8
F00869,2025-05-26,C00495,5,5
F00870,2025-11-07,C00562,5,9
F00871,2025-11-23,C00419,5,8
F00872,2025-06-14,C00263,5,10
F00873,2025-03-02,C00551,4,10
F00874,2025-09-25,C00038,5,10
F00875,2025-05-19,C00817,5,10
F00876,2025-04-14,C00970,5,9
F00877,2025-07-14,C01150,4,9
F00878,2025-10-14,C00427,5,10
F00879,2025-07-05,C00285,3,9
F00880,2025-12-18,C00602,4,10
F00881,2025-07-14,C00575,4,5
F00882,2025-04-26,C00937,5,10
F00883,2025-08-23,C00904,5,10
F00884,2025-08-21,C00738,5,10
F00885,2025-10-19,C00366,5,0
F00886,2025-10-03,C00010,5,9
F00887,2025-02-11,C01138,5,0
F00888,2025-09-16,C00389,3,9
F00889,2025-06-10,C00767,5,10
F00890,2025-06-20,C00350,4,10
F00891,2025-09-12,C01070,1,10
F00892,2025-02-04,C00274,3,9
F00893,2025-05-11,C00543,5,10
F00894,2025-02-22,C00638,5,10
F00895,2025-07-15,C00779,5,10
F00896,2025-10-19,C00693,4,7
F00897,2025-09-02,C00061,4,7
F00898,2025-12-20,C00241,4,8
F00899,2025-03-16,C00266,5,9
F00900,2025-04-18,C00544,5,9
F00901,2025-10-30,C00316,4,5
F00902,2025-03-03,C00902,5,8
F00903,2025-01-23,C00801,5,7
F00904,2025-10-30,C01060,3,9
F00905,2025-12-29,C00317,5,10
F00906,2025-02-07,C00570,5,9
F00907,2025-09-01,C00831,3,9
F00908,2025-10-11,C00879,5,8
F00909,2025-01-05,C00137,5,7
F00910,2025-12-17,C00944,5,9
F00911,2025-11-04,C00875,5,7
F00912,2025-04-23,C01145,5,8
F00913,2025-06-06,C00304,5,10
F00914,2025-09-13,C00769,5,10
F00915,2025-08-13,C00398,5,9
F00916,2025-01-02,C00041,5,9
F00917,2025-09-20,C00430,5,9
F00918,2025-07-08,C00241,5,9
F00919,2025-02-22,C01130,3,6
F00920,2025-03-28,C00132,4,9
F00921,2025-12-11,C00400,3,9
F00922,2025-03-20,C00385,4,9
F00923,2025-05-23,C00639,4,9
F00924,2025-06-26,C00018,2,8
F00925,2025-10-31,C01034,4,10
F00926,2025-08-18,C00373,4,10
F00927,2025-05-30,C00452,2,8
F00928,2025-08-03,C00839,4,8
F00929,2025-12-02,C00890,5,10
F00930,2025-03-31,C01053,5,7
F00931,2025-07-31,C00346,4,2
F00932,2025-07-20,C00776,3,5
F00933,2025-11-24,C00325,4,10
F00934,2025-07-31,C00906,4,9
F00935,2025-03-28,C00799,5,10
F00936,2025-04-09,C00079,4,10
F00937,2025-10-17,C00127,4,10
F00938,2025-10-06,C01008,5,10
F00939,2025-01-26,C00101,4,10
F00940,2025-11-15,C00975,4,7
F00941,2025-07-06,C00274,4,10
F00942,2025-07-28,C00997,3,9
F00943,2025-03-16,C01140,5,9
F00944,2025-02-09,C01142,5,10
F00945,2025-10-06,C00289,2,9
F00946,2025-09-07,C00220,5,10
F00947,2025-03-01,C00316,5,9
F00948,2025-09-19,C00658,5,9
F00949,2025-03-29,C00322,5,8
F00950,2025-02-24,C00969,5,8
F00951,2025-02-11,C00234,5,9
F00952,2025-12-12,C00164,4,9
F00953,2025-01-03,C00794,3,9
F00954,2025-09-01,C00737,5,9
F00955,2025-08-23,C00255,1,10
F00956,2025-02-01,C00987,2,9
F00957,2025-07-04,C00839,5,0
F00958,2025-10-17,C00809,4,10
F00959,2025-07-08,C00674,4,7
F00960,2025-08-12,C00896,4,10
F00961,2025-07-03,C00672,4,10
F00962,2025-11-13,C00143,2,10
F00963,2025-05-24,C01149,4,5
F00964,2025-12-09,C00545,5,10
F00965,2025-12-27,C01132,2,9
F00966,2025-05-10,C00063,5,10
F00967,2025-07-24,C00677,5,10
F00968,2025-06-02,C01154,5,10
F00969,2025-03-18,C00455,5,10
F00970,2025-12-05,C01011,4,10
F00971,2025-02-14,C00698,5,9
F00972,2025-09-08,C00194,5,9
F00973,2025-04-07,C00881,5,5
F00974,2025-07-29,C00422,5,7
F00975,2025-07-22,C01188,5,10
F00976,2025-07-14,C01009,4,7
F00977,2025-03-16,C00473,4,6
F00978,2025-02-03,C00767,4,10
F00979,2025-05-11,C00195,4,9
F00980,2025-08-06,C00132,5,9
F00981,2025-12-16,C00823,4,7
F00982,2025-07-21,C01101,3,9
F00983,2025-10-22,C00888,5,6
F00984,2025-08-17,C00149,1,10
F00985,2025-10-06,C00193,5,10
F00986,2025-08-25,C00562,5,10
F00987,2025-10-15,C00923,4,4
F00988,2025-09-28,C00050,3,10
F00989,2025-07-21,C00489,2,0
F00990,2025-03-06,C00839,5,9
F00991,2025-01-26,C00877,5,10
F00992,2025-11-05,C00008,5,10
F00993,2025-06-29,C01018,5,9
F00994,2025-08-10,C00128,3,10
F00995,2025-02-19,C00768,4,9
F00996,2025-03-31,C00857,2,7
F00997,2025-09-21,C00927,4,5
F00998,2025-09-29,C00649,3,4
F00999,2025-10-03,C00040,5,7
F01000,2025-06-14,C00796,3,10
F01001,2025-07-03,C00913,5,10
F01002,2025-08-16,C00074,5,7
F01003,2025-05-16,C01168,4,10
F01004,2025-12-18,C01086,2,10
F01005,2025-09-29,C00525,4,8
F01006,2025-08-22,C00646,5,9
F01007,2025-06-24,C01073,4,10
F01008,2025-07-26,C00534,3,7
F01009,2025-04-02,C00756,1,9
F01010,2025-07-06,C00382,5,9
F01011,2025-10-30,C00270,5,8
F01012,2025-03-27,C00859,5,10
F01013,2025-11-30,C00933,5,10
F01014,2025-11-14,C00912,5,10
F01015,2025-02-06,C00564,5,10
F01016,2025-02-06,C00102,3,8
F01017,2025-05-20,C00543,5,10
F01018,2025-12-05,C00127,4,8
F01019,2025-01-12,C00137,4,10
F01020,2025-09-30,C00042,5,0
F01021,2025-09-11,C00426,4,10
F01022,2025-06-13,C01093,5,9
F01023,2025-07-03,C00810,3,8
F01024,2025-05-28,C00679,5,9
F01025,2025-08-28,C01001,4,9
F01026,2025-01-30,C01169,3,10
F01027,2025-06-02,C01077,5,9
F01028,2025-01-10,C00031,1,10
F01029,2025-12-22,C01165,4,10
F01030,2025-05-18,C00724,3,9
F01031,2025-03-31,C00430,5,10
F01032,2025-10-23,C01142,5,9
F01033,2025-10-30,C00663,4,7
F01034,2025-08-04,C00770,3,10
F01035,2025-08-18,C00409,5,9
F01036,2025-06-12,C00152,5,9
F01037,2025-10-29,C01097,5,9
F01038,2025-04-10,C00095,5,9
F01039,2025-03-10,C00801,5,9
F01040,2025-03-27,C01066,5,7
F01041,2025-05-18,C00154,4,10
F01042,2025-08-28,C00639,5,9
F01043,2025-03-14,C00492,4,9
F01044,2025-01-26,C00776,4,8
F01045,2025-11-16,C00063,3,10
F01046,2025-09-28,C00260,2,9
F01047,2025-10-18,C00072,5,10
F01048,2025-03-21,C00003,4,8
F01049,2025-03-15,C00753,4,8
F01050,2025-05-26,C01133,4,10
F01051,2025-03-17,C00202,4,9
F01052,2025-09-05,C00990,5,9
F01053,2025-08-10,C00362,4,9
F01054,2025-01-08,C00748,5,10
F01055,2025-05-24,C01063,4,0
F01056,2025-05-05,C00605,5,8
F01057,2025-08-03,C00564,4,8
F01058,2025-01-21,C00324,4,8
F01059,2025-06-30,C00086,5,8
F01060,2025-02-22,C00506,5,10
F01061,2025-05-31,C00767,5,10
F01062,2025-04-05,C01098,5,9
F01063,2025-06-14,C00351,5,9
F01064,2025-09-30,C00702,5,10
F01065,2025-11-17,C01103,5,8
F01066,2025-02-15,C00381,4,8
F01067,2025-09-02,C00684,5,9
F01068,2025-03-30,C00050,5,10
F01069,2025-01-26,C00577,5,5
F01070,2025-04-10,C00592,3,3
F01071,2025-09-27,C00556,4,10
F01072,2025-03-26,C00978,5,6
F01073,2025-09-24,C01137,5,9
F01074,2025-02-09,C00609,5,10
F01075,2025-07-07,C00098,4,10
F01076,2025-10-13,C00283,5,9
F01077,2025-09-01,C00107,4,8
F01078,2025-10-18,C00384,4,9
F01079,2025-06-20,C00752,4,7
F01080,2025-05-04,C01110,5,7
F01081,2025-04-05,C01000,5,9
F01082,2025-12-19,C00043,5,9
F01083,2025-07-07,C01016,5,10
F01084,2025-09-17,C00768,5,9
F01085,2025-03-30,C00636,4,9
F01086,2025-08-17,C00470,4,10
F01087,2025-12-12,C00174,3,10
F01088,2025-05-07,C00223,5,10
F01089,2025-02-25,C00240,4,7
F01090,2025-12-08,C00536,5,9
F01091,2025-11-19,C00362,5,3
F01092,2025-06-20,C00195,4,10
F01093,2025-05-05,C00265,5,9
F01094,2025-12-16,C00547,4,9
F01095,2025-08-27,C00422,4,6
F01096,2025-12-02,C00999,5,10
F01097,2025-07-14,C00034,5,10
F01098,2025-11-04,C00044,5,7
F01099,2025-02-21,C00690,4,9
F01100,2025-03-18,C00736,5,7
F01101,2025-06-30,C00530,5,10
F01102,2025-12-23,C00224,4,8
F01103,2025-08-12,C01172,3,5
F01104,2025-10-27,C01188,5,9
F01105,2025-03-27,C00185,4,10
F01106,2025-10-03,C00796,5,10
F01107,2025-03-04,C00131,3,7
F01108,2025-10-30,C00159,4,10
F01109,2025-08-08,C00298,5,6
F01110,2025-02-15,C00145,4,6
F01111,2025-12-02,C00520,4,0
F01112,2025-01-04,C01067,5,6
F01113,2025-09-11,C00206,3,10
F01114,2025-09-29,C00185,2,9
F01115,2025-02-08,C00428,4,8
F01116,2025-02-24,C00314,5,9
F01117,2025-12-28,C00453,3,9
F01118,2025-11-20,C01010,3,10
F01119,2025-09-20,C00165,4,2
F01120,2025-02-28,C00965,4,10
F01121,2025-02-04,C01074,4,10
F01122,2025-04-05,C00477,2,6
F01123,2025-12-14,C00961,4,10
F01124,2025-07-02,C00743,4,10
F01125,2025-01-13,C00158,4,10
F01126,2025-09-20,C00330,5,9
F01127,2025-07-31,C00231,5,8
F01128,2025-10-20,C00516,5,8
F01129,2025-06-20,C00847,5,1
F01130,2025-03-22,C01026,5,7
F01131,2025-10-10,C00237,4,10
F01132,2025-10-25,C00127,5,9
F01133,2025-08-10,C00791,4,10
F01134,2025-10-13,C00114,4,10
F01135,2025-06-17,C00517,5,8
F01136,2025-02-14,C01060,5,9
F01137,2025-03-20,C00548,5,9
F01138,2025-06-11,C00814,5,5
F01139,2025-08-31,C00501,5,10
F01140,2025-03-24,C00993,4,10
F01141,2025-09-26,C00727,5,8
F01142,2025-03-16,C00013,3,10
F01143,2025-06-28,C00588,5,9
F01144,2025-09-06,C00319,4,10
F01145,2025-03-29,C00866,5,9
F01146,2025-10-01,C00975,4,8
F01147,2025-08-02,C00915,1,9
F01148,2025-11-11,C01133,3,9
F01149,2025-03-20,C00018,5,8
F01150,2025-03-06,C01056,3,8
F01151,2025-07-09,C01174,5,9
F01152,2025-07-26,C00077,4,10
F01153,2025-11-02,C00685,5,10
F01154,2025-08-08,C01198,4,10
F01155,2025-09-08,C01075,5,9
F01156,2025-11-02,C00969,5,9
F01157,2025-04-08,C00365,5,6
F01158,2025-01-11,C00895,5,9
F01159,2025-02-01,C00796,4,10
F01160,2025-07-01,C00684,4,8
F01161,2025-10-24,C00936,5,6
F01162,2025-07-09,C00377,3,9
F01163,2025-09-20,C00446,2,9
F01164,2025-10-04,C00738,5,8
F01165,2025-03-09,C00127,4,10
F01166,2025-05-12,C00125,3,10
F01167,2025-11-03,C00095,4,10
F01168,2025-10-28,C00349,3,9
F01169,2025-06-13,C00326,5,10
F01170,2025-05-30,C00066,1,10
F01171,2025-05-08,C00416,5,7
F01172,2025-07-16,C00358,2,10
F01173,2025-09-18,C00022,3,9
F01174,2025-04-14,C00371,5,9
F01175,2025-07-26,C00676,4,8
F01176,2025-08-06,C01087,5,4
F01177,2025-04-22,C00778,5,10
F01178,2025-09-23,C00689,2,0
F01179,2025-10-09,C00518,5,10
F01180,2025-10-13,C00833,5,9
F01181,2025-02-02,C00634,5,8
F01182,2025-02-12,C00238,4,10
F01183,2025-11-15,C00402,5,7
F01184,2025-08-26,C01155,4,10
F01185,2025-12-04,C00099,5,9
F01186,2025-11-13,C01044,4,9
F01187,2025-12-21,C00906,2,10
F01188,2025-12-01,C00717,3,9
F01189,2025-10-27,C00358,2,1
F01190,2025-08-04,C00748,5,10
F01191,2025-06-06,C01011,5,10
F01192,2025-06-15,C00640,5,9
F01193,2025-07-22,C00448,4,10
F01194,2025-06-27,C01051,5,10
F01195,2025-06-22,C00598,5,0
F01196,2025-05-06,C00218,4,9
F01197,2025-03-30,C00113,4,7
F01198,2025-05-02,C01026,3,4
F01199,2025-11-19,C01132,4,7
F01200,2025-12-02,C00476,5,6
F01201,2025-05-01,C00906,5,10
F01202,2025-10-06,C00945,4,9
F01203,2025-10-09,C00704,4,7
F01204,2025-06-17,C01139,4,8
F01205,2025-02-18,C00432,5,9
F01206,2025-10-02,C00919,5,10
F01207,2025-06-21,C00117,3,9
F01208,2025-09-08,C00044,4,7
F01209,2025-10-23,C00487,5,10
F01210,2025-01-20,C01094,5,9
F01211,2025-06-03,C00100,5,10
F01212,2025-07-07,C00199,5,10
F01213,2025-11-16,C01175,5,10
F01214,2025-09-01,C01025,1,9
F01215,2025-02-04,C01094,4,8
F01216,2025-07-13,C00437,4,10
F01217,2025-01-24,C00449,3,10
F01218,2025-01-04,C00841,5,8
F01219,2025-07-18,C00788,4,5
F01220,2025-06-25,C00505,5,10
F01221,2025-12-12,C01001,4,8
F01222,2025-02-28,C00147,5,9
F01223,2025-03-03,C00349,4,10
F01224,2025-12-23,C00177,4,9
F01225,2025-06-03,C00955,4,8
F01226,2025-09-25,C00171,5,9
F01227,2025-04-20,C00873,4,10
F01228,2025-08-22,C00586,4,6
F01229,2025-08-20,C00824,5,10
F01230,2025-06-14,C00445,5,10
F01231,2025-11-14,C01148,5,10
F01232,2025-04-10,C00448,3,8
F01233,2025-11-08,C00712,5,10
F01234,2025-12-08,C01119,5,9
F01235,2025-11-04,C00804,4,3
F01236,2025-04-02,C00376,5,7
F01237,2025-06-21,C00575,5,9
F01238,2025-04-23,C00351,5,9
F01239,2025-12-29,C00070,5,10
F01240,2025-01-16,C00552,3,8
F01241,2025-09-18,C00231,4,9
F01242,2025-06-16,C01035,5,10
F01243,2025-12-24,C01074,5,10
F01244,2025-08-11,C01143,4,10
F01245,2025-10-22,C00521,2,9
F01246,2025-10-13,C00808,5,10
F01247,2025-07-06,C00182,5,9
F01248,2025-06-17,C01144,3,10
F01249,2025-10-01,C00209,5,8
F01250,2025-07-04,C00306,5,9
F01251,2025-06-11,C00040,5,9
F01252,2025-09-23,C00682,5,4
F01253,2025-11-20,C00208,4,9
F01254,2025-02-25,C00304,4,9
F01255,2025-11-08,C00106,4,8
F01256,2025-08-16,C00210,5,9
F01257,2025-06-09,C00861,5,2
F01258,2025-03-08,C00910,2,10
F01259,2025-06-25,C00313,5,10
F01260,2025-08-17,C00759,5,7
F01261,2025-03-22,C01090,4,10
F01262,2025-02-22,C00996,3,8
F01263,2025-06-30,C01088,4,9
F01264,2025-07-21,C01081,5,8
F01265,2025-08-21,C01117,5,10
F01266,2025-11-08,C00050,5,6
F01267,2025-07-17,C00222,5,10
F01268,2025-08-22,C00147,4,9
F01269,2025-09-09,C00902,3,9
F01270,2025-01-17,C00485,5,1
F01271,2025-11-22,C00247,4,9
F01272,2025-06-06,C00576,4,10
F01273,2025-12-06,C00179,5,10
F01274,2025-04-23,C00075,2,9
F01275,2025-09-06,C01045,4,10
F01276,2025-02-24,C00156,4,10
F01277,2025-12-30,C00417,2,8
F01278,2025-05-05,C00129,4,9
F01279,2025-04-03,C00585,5,10
F01280,2025-10-26,C00558,5,10
F01281,2025-03-16,C00671,4,6
F01282,2025-10-29,C00467,4,8
F01283,2025-01-13,C00239,4,10
F01284,2025-01-06,C01067,4,8
F01285,2025-01-29,C01025,3,7
F01286,2025-08-05,C00943,4,10
F01287,2025-07-20,C01030,3,9
F01288,2025-06-12,C00321,1,9
F01289,2025-03-12,C00611,4,10
F01290,2025-06-06,C00143,4,10
F01291,2025-10-19,C01195,5,10
F01292,2025-02-12,C01196,4,10
F01293,2025-01-31,C00016,4,2
F01294,2025-09-25,C00385,5,9
F01295,2025-06-07,C01036,4,9
F01296,2025-09-20,C00179,4,10
F01297,2025-02-26,C00775,4,10
F01298,2025-06-17,C00387,4,8
F01299,2025-01-15,C00829,1,10
F01300,2025-07-02,C00377,5,10
F01301,2025-06-01,C00963,5,10
F01302,2025-02-05,C01012,3,0
F01303,2025-04-18,C01084,4,9
F01304,2025-10-12,C00898,5,7
F01305,2025-02-13,C00532,3,9
F01306,2025-09-24,C00107,5,8
F01307,2025-04-19,C00977,1,6
F01308,2025-03-22,C00120,4,10
F01309,2025-12-11,C00297,5,8
F01310,2025-10-15,C00449,4,10
F01311,2025-06-02,C00401,2,9
F01312,2025-12-31,C00319,1,2
F01313,2025-07-06,C00779,4,8
F01314,2025-07-13,C00804,3,9
F01315,2025-02-02,C00420,3,8
F01316,2025-04-28,C00222,5,7
F01317,2025-05-06,C00706,4,10
F01318,2025-10-17,C00464,5,9
F01319,2025-05-08,C00105,5,10
F01320,2025-05-04,C00370,4,9
F01321,2025-11-16,C00537,5,7
F01322,2025-07-14,C01052,4,8
F01323,2025-11-07,C00241,4,9
F01324,2025-06-05,C00622,3,9
F01325,2025-02-27,C01153,5,8
F01326,2025-08-04,C01018,5,10
F01327,2025-08-12,C00657,5,8
F01328,2025-05-20,C00159,5,10
F01329,2025-01-28,C00989,4,9
F01330,2025-02-21,C00758,3,10
F01331,2025-09-28,C00455,5,10
F01332,2025-07-14,C00838,2,10
F01333,2025-07-04,C00399,5,10
F01334,2025-10-10,C01115,4,9
F01335,2025-12-04,C00955,5,1
F01336,2025-11-19,C00339,5,10
F01337,2025-11-05,C01117,1,10
F01338,2025-02-28,C00158,2,6
F01339,2025-01-15,C00686,4,9
F01340,2025-10-28,C01145,4,10
F01341,2025-03-21,C01096,3,9
F01342,2025-12-17,C00144,2,10
F01343,2025-10-28,C01012,5,10
F01344,2025-09-13,C01148,4,9
F01345,2025-08-29,C00563,5,10
F01346,2025-03-27,C00912,5,9
F01347,2025-01-19,C00125,5,10
F01348,2025-04-21,C00859,4,9
F01349,2025-08-08,C00214,2,7
F01350,2025-05-20,C00923,5,10
F01351,2025-08-31,C00181,5,10
F01352,2025-12-23,C00375,4,10
F01353,2025-07-02,C00118,5,10
F01354,2025-12-27,C00163,5,10
F01355,2025-07-01,C00347,5,5
F01356,2025-04-15,C00167,5,9
F01357,2025-09-17,C00098,4,9
F01358,2025-04-20,C00398,5,9
F01359,2025-07-29,C00354,5,7
F01360,2025-01-18,C00022,5,6
F01361,2025-05-23,C00991,5,9
F01362,2025-05-25,C00205,5,10
F01363,2025-10-09,C00490,3,8
F01364,2025-07-24,C00436,4,3
F01365,2025-03-25,C00874,5,10
F01366,2025-12-16,C00037,5,10
F01367,2025-06-27,C01188,5,0
F01368,2025-06-08,C00281,5,8
F01369,2025-11-20,C01150,4,10
F01370,2025-12-24,C00908,3,2
F01371,2025-06-24,C00911,5,9
F01372,2025-07-31,C01098,5,9
F01373,2025-10-07,C01018,3,10
F01374,2025-05-24,C00889,5,6
F01375,2025-10-05,C00626,3,9
F01376,2025-08-12,C01165,5,8
F01377,2025-12-01,C00809,4,10
F01378,2025-04-21,C00820,2,7
F01379,2025-08-20,C01111,3,10
F01380,2025-08-21,C00728,5,6
F01381,2025-04-02,C01141,5,9
F01382,2025-02-08,C00407,5,8
F01383,2025-01-31,C00777,4,7
F01384,2025-05-26,C01000,5,10
F01385,2025-03-23,C00283,5,7
F01386,2025-05-19,C00671,4,10
F01387,2025-11-13,C00506,4,10
F01388,2025-07-14,C00279,4,6
F01389,2025-07-18,C00988,5,9
F01390,2025-01-02,C00402,3,8
F01391,2025-06-10,C00189,5,9
F01392,2025-05-19,C00530,5,9
F01393,2025-10-01,C00528,5,10
F01394,2025-02-24,C00927,5,10
F01395,2025-07-10,C01019,5,9
F01396,2025-09-19,C00588,4,9
F01397,2025-05-08,C01149,5,10
F01398,2025-09-15,C01038,5,4
F01399,2025-06-17,C00167,4,10
F01400,2025-01-31,C00602,5,7
F01401,2025-11-30,C00727,4,7
F01402,2025-12-14,C00578,5,9
F01403,2025-06-24,C01167,5,8
F01404,2025-11-04,C00613,4,6
F01405,2025-10-15,C00326,3,10
F01406,2025-11-14,C00665,5,3
F01407,2025-07-16,C00286,4,10
F01408,2025-08-23,C00944,5,10
F01409,2025-11-02,C00145,4,9
F01410,2025-03-04,C00451,4,5
F01411,2025-09-08,C00543,5,10
F01412,2025-08-07,C00764,2,10
F01413,2025-12-20,C00037,3,3
F01414,2025-02-02,C00689,4,10
F01415,2025-04-03,C00052,4,10
F01416,2025-06-29,C00056,3,7
F01417,2025-10-31,C00416,5,8
F01418,2025-08-09,C00667,5,9
F01419,2025-07-13,C00433,3,9
F01420,2025-07-09,C00814,4,10
F01421,2025-02-25,C00112,5,6
F01422,2025-08-31,C00101,5,6
F01423,2025-02-24,C00215,5,9
F01424,2025-12-06,C00493,5,10
F01425,2025-01-17,C00889,4,8
F01426,2025-08-26,C00541,5,9
F01427,2025-11-30,C00985,2,9
F01428,2025-07-01,C00343,5,9
F01429,2025-05-05,C00220,3,10
F01430,2025-08-31,C01053,4,10
F01431,2025-10-25,C01058,1,9
F01432,2025-06-05,C00960,2,9
F01433,2025-11-28,C00293,5,10
F01434,2025-06-17,C00081,2,8
F01435,2025-10-17,C00418,2,10
F01436,2025-01-12,C00092,5,10
F01437,2025-10-07,C00990,4,9
F01438,2025-05-24,C00109,3,8
F01439,2025-03-09,C00519,5,8
F01440,2025-03-17,C00421,2,10
F01441,2025-08-03,C00863,5,9
F01442,2025-04-04,C01162,5,7
F01443,2025-05-08,C00990,5,9
F01444,2025-08-18,C00491,5,10
F01445,2025-05-25,C00431,5,10
F01446,2025-09-05,C00857,4,8
F01447,2025-11-01,C01161,1,4
F01448,2025-05-12,C00979,5,7
F01449,2025-08-18,C00708,5,7
F01450,2025-12-31,C00118,4,9
F01451,2025-07-14,C00156,4,10
F01452,2025-05-30,C00116,5,10
F01453,2025-10-04,C00554,4,9
F01454,2025-11-21,C00227,3,9
F01455,2025-02-15,C00945,4,8
F01456,2025-05-24,C00376,4,7
F01457,2025-09-15,C01173,5,10
F01458,2025-04-19,C00191,5,7
F01459,2025-09-10,C00263,3,10
F01460,2025-09-03,C00732,4,7
F01461,2025-06-10,C00363,4,9
F01462,2025-06-12,C00243,5,10
F01463,2025-10-19,C00287,3,10
F01464,2025-02-19,C00226,4,9
F01465,2025-02-19,C00742,5,8
F01466,2025-10-08,C00124,4,9
F01467,2025-03-13,C00160,5,8
F01468,2025-08-09,C01122,4,10
F01469,2025-02-25,C00120,4,9
F01470,2025-05-17,C00237,3,9
F01471,2025-06-07,C00211,3,10
F01472,2025-01-08,C00325,5,10
F01473,2025-04-14,C00827,4,8
F01474,2025-02-15,C00187,5,6
F01475,2025-01-29,C00345,4,2
F01476,2025-09-02,C01002,5,10
F01477,2025-07-11,C00962,3,7
F01478,2025-08-03,C00679,4,7
F01479,2025-10-29,C00313,4,1
F01480,2025-09-20,C00307,5,9
F01481,2025-06-25,C00534,3,10
F01482,2025-12-25,C00799,5,10
F01483,2025-04-26,C00474,4,8
F01484,2025-08-07,C00369,5,10
F01485,2025-08-31,C00102,5,10
F01486,2025-11-16,C00940,1,9
F01487,2025-12-02,C00421,5,7
F01488,2025-07-12,C00172,5,10
F01489,2025-08-18,C00123,5,10
F01490,2025-08-03,C01079,5,8
F01491,2025-10-14,C00713,5,10
F01492,2025-06-17,C00421,4,10
F01493,2025-03-17,C00705,3,9
F01494,2025-04-25,C00701,5,9
F01495,2025-10-15,C00828,5,4
F01496,2025-03-25,C00097,5,8
F01497,2025-03-27,C01078,5,10
F01498,2025-10-20,C00868,5,9
F01499,2025-05-26,C00183,4,10
F01500,2025-11-09,C01096,4,10
F01501,2025-03-08,C00403,5,9
F01502,2025-01-09,C00556,5,9
F01503,2025-10-06,C00082,5,10
F01504,2025-05-22,C01126,1,9
F01505,2025-10-11,C00261,5,8
F01506,2025-06-09,C00579,5,9
F01507,2025-09-30,C00257,5,9
F01508,2025-03-27,C01183,5,10
F01509,2025-10-18,C01070,5,10
F01510,2025-12-05,C00293,3,10
F01511,2025-10-14,C00650,5,8
F01512,2025-11-05,C00422,5,10
F01513,2025-11-01,C00335,4,10
F01514,2025-12-29,C00792,4,0
F01515,2025-12-05,C00707,5,8
F01516,2025-04-19,C00806,2,9
F01517,2025-01-19,C00102,2,10
F01518,2025-01-13,C00225,5,9
F01519,2025-03-31,C00226,4,10
F01520,2025-11-13,C00019,3,8
F01521,2025-09-27,C00285,2,10
F01522,2025-11-01,C00292,5,9
F01523,2025-12-01,C00622,5,10
F01524,2025-07-15,C00522,5,7
F01525,2025-07-27,C00364,5,9
F01526,2025-01-19,C00583,4,8
F01527,2025-07-19,C01117,4,5
F01528,2025-04-27,C00820,4,10
F01529,2025-06-05,C00644,5,0
F01530,2025-11-20,C00072,4,4
F01531,2025-01-03,C00637,4,10
F01532,2025-11-13,C01071,5,10
F01533,2025-01-05,C01161,3,9
F01534,2025-03-15,C00874,3,8
F01535,2025-09-21,C01028,4,5
F01536,2025-12-11,C00657,2,10
F01537,2025-02-25,C00510,4,7
F01538,2025-03-28,C00747,5,8
F01539,2025-03-17,C00372,2,9
F01540,2025-04-05,C00188,5,10
F01541,2025-11-07,C00639,5,9
F01542,2025-01-04,C00107,5,10
F01543,2025-02-17,C00199,3,8
F01544,2025-02-20,C00111,5,9
F01545,2025-05-14,C00456,5,8
F01546,2025-09-07,C01022,5,10
F01547,2025-11-29,C01176,4,10
F01548,2025-10-29,C01126,5,10
F01549,2025-03-22,C01090,5,9
F01550,2025-02-13,C01048,5,8
F01551,2025-05-02,C00312,5,9
F01552,2025-11-08,C00854,5,9
F01553,2025-10-23,C00574,5,10
F01554,2025-11-29,C01124,5,9
F01555,2025-11-29,C00008,1,10
F01556,2025-11-06,C00767,3,9
F01557,2025-08-18,C00954,1,9
F01558,2025-04-25,C00556,5,10
F01559,2025-08-31,C00532,5,9
F01560,2025-02-14,C00292,5,10
F01561,2025-10-12,C00443,5,6
F01562,2025-07-07,C00744,1,9
F01563,2025-11-25,C00635,5,10
F01564,2025-01-09,C00328,3,8
F01565,2025-03-21,C00624,4,10
F01566,2025-07-09,C01190,3,8
F01567,2025-04-06,C01182,5,8
F01568,2025-12-22,C00280,2,9
F01569,2025-01-06,C01159,4,10
F01570,2025-09-30,C00713,5,10
F01571,2025-04-01,C00478,5,9
F01572,2025-09-02,C00385,5,2
F01573,2025-03-10,C01013,3,8
F01574,2025-07-24,C00573,5,7
F01575,2025-09-23,C00951,5,10
F01576,2025-06-14,C00580,5,7
F01577,2025-01-05,C00670,4,10
F01578,2025-09-07,C01136,4,10
F01579,2025-06-28,C00309,4,7
F01580,2025-07-10,C00319,5,9
F01581,2025-05-16,C00856,5,10
F01582,2025-12-26,C00089,4,9
F01583,2025-11-11,C00894,1,10
F01584,2025-05-31,C00838,4,6
F01585,2025-08-20,C00481,1,10
F01586,2025-02-05,C00596,4,10
F01587,2025-01-23,C00135,5,10
F01588,2025-08-14,C00227,4,8
F01589,2025-07-13,C01055,3,7
F01590,2025-11-26,C00763,5,10
F01591,2025-07-13,C00927,4,9
F01592,2025-10-27,C00103,3,10
F01593,2025-05-04,C00884,5,8
F01594,2025-07-11,C00325,3,9
F01595,2025-01-19,C00436,5,4
F01596,2025-12-09,C00432,5,6
F01597,2025-10-13,C00804,5,9
F01598,2025-01-26,C01080,5,8
F01599,2025-04-29,C00275,3,8
F01600,2025-10-01,C00689,4,10
F01601,2025-02-09,C01176,5,10
F01602,2025-06-14,C00076,5,0
F01603,2025-09-05,C00114,5,10
F01604,2025-01-21,C00857,3,9
F01605,2025-09-21,C00712,4,8
F01606,2025-02-14,C00130,5,10
F01607,2025-09-05,C01173,5,0
F01608,2025-02-09,C00434,5,9
F01609,2025-10-23,C00199,4,9
F01610,2025-08-08,C00637,5,10
F01611,2025-01-05,C00234,4,10
F01612,2025-05-15,C00785,4,10
F01613,2025-07-25,C00303,5,6
F01614,2025-05-14,C00381,3,9
F01615,2025-05-12,C00305,5,10
F01616,2025-06-21,C01176,3,10
F01617,2025-10-07,C00493,4,3
F01618,2025-06-09,C00362,1,9
F01619,2025-07-22,C00377,1,9
F01620,2025-12-20,C00756,4,10
F01621,2025-02-20,C00253,4,10
F01622,2025-11-15,C00005,4,8
F01623,2025-05-31,C00983,2,10
F01624,2025-11-08,C00169,5,7
F01625,2025-09-18,C00330,4,7
F01626,2025-04-13,C00638,4,0
F01627,2025-07-18,C00012,5,8
F01628,2025-01-16,C00652,5,10
F01629,2025-03-13,C01111,5,9
F01630,2025-06-26,C00629,4,10
F01631,2025-11-21,C00412,4,10
F01632,2025-08-10,C00300,4,10
F01633,2025-11-13,C00640,5,9
F01634,2025-02-16,C00693,5,6
F01635,2025-05-07,C00906,4,9
F01636,2025-08-08,C00029,3,9
F01637,2025-09-09,C00939,3,8
F01638,2025-05-16,C00577,5,10
F01639,2025-04-18,C00717,5,10
F01640,2025-09-27,C00068,5,3
F01641,2025-09-19,C00627,5,8
F01642,2025-10-14,C00157,4,10
F01643,2025-10-24,C00602,4,9
F01644,2025-07-21,C00399,5,10
F01645,2025-06-12,C00608,4,9
F01646,2025-05-01,C00132,4,10
F01647,2025-07-15,C00190,5,9
F01648,2025-11-25,C00063,3,10
F01649,2025-01-01,C00220,5,9
F01650,2025-09-21,C01116,3,9
F01651,2025-08-22,C00393,5,9
F01652,2025-09-06,C00818,5,10
F01653,2025-01-11,C01143,5,9
F01654,2025-03-25,C00841,3,5
F01655,2025-02-22,C00266,3,10
F01656,2025-06-19,C00364,4,8
F01657,2025-05-21,C00022,5,8
F01658,2025-01-01,C00602,5,10
F01659,2025-02-07,C00182,5,10
F01660,2025-06-13,C00360,5,10
F01661,2025-08-20,C00814,5,10
F01662,2025-07-30,C00723,3,7
F01663,2025-06-29,C00392,4,5
F01664,2025-07-26,C00444,5,7
F01665,2025-06-20,C01187,5,10
F01666,2025-09-01,C00746,4,9
F01667,2025-12-16,C00991,4,10
F01668,2025-03-28,C00209,4,10
F01669,2025-07-04,C00859,3,10
F01670,2025-06-09,C00328,5,10
F01671,2025-01-04,C00222,2,9
F01672,2025-01-10,C00073,5,5
F01673,2025-11-20,C00139,4,9
F01674,2025-01-19,C00296,4,10
F01675,2025-01-04,C00179,5,10
F01676,2025-02-17,C00166,5,8
F01677,2025-12-11,C00233,5,9
F01678,2025-10-27,C01088,4,9
F01679,2025-02-06,C00454,2,5
F01680,2025-07-27,C00064,2,8
F01681,2025-06-20,C01088,5,8
F01682,2025-07-19,C00090,3,10
F01683,2025-07-08,C00671,4,9
F01684,2025-04-24,C00132,5,10
F01685,2025-03-25,C00261,5,9
F01686,2025-01-22,C00683,5,9
F01687,2025-09-02,C00249,5,10
F01688,2025-11-17,C00110,5,9
F01689,2025-11-03,C00605,5,2
F01690,2025-08-15,C00668,5,10
F01691,2025-09-09,C00563,3,9
F01692,2025-02-07,C00725,3,3
F01693,2025-12-31,C00706,5,8
F01694,2025-10-08,C00362,4,10
F01695,2025-08-11,C00676,5,10
F01696,2025-07-18,C01124,5,10
F01697,2025-05-16,C00526,5,1
F01698,2025-09-20,C00925,5,5
F01699,2025-06-07,C00941,4,9
F01700,2025-06-20,C01062,2,1
F01701,2025-01-20,C00537,4,7
F01702,2025-06-29,C00640,5,9
F01703,2025-03-09,C01103,5,8
F01704,2025-04-25,C00139,5,10
F01705,2025-02-07,C00347,4,9
F01706,2025-09-01,C00979,5,10
F01707,2025-05-26,C01149,3,9
F01708,2025-11-12,C00464,5,10
F01709,2025-10-08,C00903,5,8
F01710,2025-06-28,C00839,1,8
F01711,2025-09-11,C00770,4,8
F01712,2025-04-20,C00690,3,10
F01713,2025-08-02,C01025,4,6
F01714,2025-04-02,C00875,5,9
F01715,2025-05-20,C01151,5,10
F01716,2025-09-01,C00416,5,2
F01717,2025-09-01,C00186,5,5
F01718,2025-07-05,C00900,4,10
F01719,2025-03-22,C00477,3,7
F01720,2025-04-12,C00226,4,8
F01721,2025-12-14,C00033,5,6
F01722,2025-12-03,C00989,5,10
F01723,2025-04-14,C00011,4,9
F01724,2025-07-19,C00687,3,8
F01725,2025-05-31,C00263,3,8
F01726,2025-08-24,C00880,4,8
F01727,2025-12-19,C00313,2,6
F01728,2025-09-05,C00053,4,10
F01729,2025-02-24,C01054,4,10
F01730,2025-02-20,C00155,4,10
F01731,2025-05-28,C00262,5,10
F01732,2025-08-07,C00389,2,9
F01733,2025-03-14,C01106,4,6
F01734,2025-07-03,C00910,5,8
F01735,2025-09-01,C01151,4,8
F01736,2025-09-25,C00327,5,10
F01737,2025-04-18,C01196,3,9
F01738,2025-09-20,C00463,5,8
F01739,2025-04-06,C00762,4,8
F01740,2025-09-22,C00680,5,7
F01741,2025-06-27,C01039,1,10
F01742,2025-11-20,C00672,5,10
F01743,2025-10-12,C00552,4,3
F01744,2025-02-10,C00098,4,7
F01745,2025-01-01,C00120,2,10
F01746,2025-02-23,C00338,5,10
F01747,2025-04-22,C01166,5,9
F01748,2025-09-09,C00082,3,6
F01749,2025-08-03,C00754,5,9
F01750,2025-03-19,C00542,2,6
F01751,2025-01-19,C00541,3,9
F01752,2025-10-07,C01061,5,10
F01753,2025-12-18,C00599,3,10
F01754,2025-12-03,C00233,3,6
F01755,2025-03-05,C00404,3,10
F01756,2025-02-16,C00602,5,9
F01757,2025-08-24,C00376,4,9
F01758,2025-10-19,C00736,5,10
F01759,2025-05-08,C00737,5,10
F01760,2025-03-26,C00546,4,10
F01761,2025-07-02,C00911,5,9
F01762,2025-06-03,C00355,5,7
F01763,2025-11-15,C01114,4,6
F01764,2025-06-17,C00937,3,9
F01765,2025-09-22,C00369,3,2
F01766,2025-03-09,C00875,4,9
F01767,2025-03-18,C00263,5,10
F01768,2025-02-11,C00464,4,9
F01769,2025-10-09,C00107,4,9
F01770,2025-06-03,C01061,5,10
F01771,2025-12-07,C00181,1,9
F01772,2025-07-28,C00376,5,10
F01773,2025-11-03,C00163,4,10
F01774,2025-08-12,C00852,5,8
F01775,2025-01-17,C00669,5,8
F01776,2025-10-24,C00312,4,8
F01777,2025-04-14,C00468,5,6
F01778,2025-03-26,C00892,3,9
F01779,2025-12-18,C00709,5,9
F01780,2025-07-10,C00696,5,10
F01781,2025-10-12,C00388,5,8
F01782,2025-10-21,C00885,5,8
F01783,2025-09-25,C00489,4,10
F01784,2025-06-24,C00790,5,7
F01785,2025-08-09,C00882,5,6
F01786,2025-02-22,C00413,5,9
F01787,2025-06-18,C00249,5,9
F01788,2025-08-02,C01027,4,10
F01789,2025-12-29,C00558,5,10
F01790,2025-10-12,C00118,4,7
F01791,2025-11-24,C01072,4,10
F01792,2025-08-12,C00025,4,10
F01793,2025-11-19,C00561,5,10
F01794,2025-07-03,C00069,4,10
F01795,2025-01-30,C00337,5,10
F01796,2025-09-26,C00130,4,7
F01797,2025-06-20,C01103,5,8
F01798,2025-11-17,C01142,2,10
F01799,2025-06-29,C00114,5,9
F01800,2025-01-08,C01051,4,8
F01801,2025-06-19,C00860,1,10
F01802,2025-03-19,C00415,4,1
F01803,2025-01-14,C00424,4,0
F01804,2025-01-23,C00463,5,10
F01805,2025-11-26,C00693,4,10
F01806,2025-11-22,C00478,4,9
F01807,2025-04-21,C01078,5,10
F01808,2025-05-02,C00846,4,8
F01809,2025-01-26,C00856,4,10
F01810,2025-11-18,C01005,5,10
F01811,2025-06-24,C00814,4,9
F01812,2025-07-31,C00514,5,5
F01813,2025-11-25,C00173,2,8
F01814,2025-11-16,C00387,5,10
F01815,2025-02-13,C00110,4,10
F01816,2025-07-01,C00509,4,8
F01817,2025-07-22,C00525,1,4
F01818,2025-06-11,C00287,3,0
F01819,2025-12-29,C00740,5,10
F01820,2025-05-04,C00082,5,8
F01821,2025-02-04,C01183,5,9
F01822,2025-01-02,C00528,3,9
F01823,2025-11-11,C00601,4,7
F01824,2025-05-20,C00648,4,10
F01825,2025-06-10,C00257,5,8
F01826,2025-06-12,C00109,5,10
F01827,2025-04-08,C00192,4,6
F01828,2025-12-03,C00369,4,10
F01829,2025-01-14,C00015,5,10
F01830,2025-12-03,C01139,5,8
F01831,2025-11-18,C01122,5,10
F01832,2025-07-21,C00125,5,9
F01833,2025-04-11,C00565,2,9
F01834,2025-09-06,C01058,4,7
F01835,2025-08-13,C01119,5,7
F01836,2025-03-25,C00798,5,5
F01837,2025-09-19,C00606,2,9
F01838,2025-06-20,C00527,4,9
F01839,2025-10-29,C01146,3,9
F01840,2025-09-05,C00215,4,8
F01841,2025-05-30,C01010,3,10
F01842,2025-11-05,C01188,2,7
F01843,2025-01-01,C00735,5,9
F01844,2025-02-25,C00987,5,3
F01845,2025-03-21,C00081,5,7
F01846,2025-07-06,C00366,2,10
F01847,2025-02-12,C00825,5,8
F01848,2025-04-29,C00037,5,10
F01849,2025-10-08,C00356,5,6
F01850,2025-11-11,C01150,5,9
F01851,2025-03-23,C00474,5,8
F01852,2025-01-29,C00088,5,9
F01853,2025-08-01,C00285,5,9
F01854,2025-02-08,C00427,5,7
F01855,2025-02-23,C00529,5,10
F01856,2025-11-23,C00122,2,10
F01857,2025-06-26,C00263,5,5
F01858,2025-04-19,C00460,5,10
F01859,2025-04-19,C00689,5,8
F01860,2025-01-10,C00226,4,9
F01861,2025-02-06,C00223,5,8
F01862,2025-04-27,C00090,2,10
F01863,2025-08-20,C00306,1,8
F01864,2025-10-01,C00144,5,8
F01865,2025-12-29,C00117,4,9
F01866,2025-09-12,C00015,5,10
F01867,2025-05-20,C00736,5,10
F01868,2025-11-19,C00682,5,10
F01869,2025-12-09,C00742,5,9
F01870,2025-05-16,C00624,4,9
F01871,2025-07-06,C00802,1,7
F01872,2025-02-16,C00424,5,8
F01873,2025-02-25,C00559,5,10
F01874,2025-10-15,C00312,4,8
F01875,2025-07-10,C00451,5,9
F01876,2025-04-23,C00689,5,10
F01877,2025-01-03,C01134,4,4
F01878,2025-07-25,C00328,3,10
F01879,2025-04-17,C00472,3,10
F01880,2025-10-31,C00170,5,10
F01881,2025-03-09,C00019,2,9
F01882,2025-05-31,C00795,4,10
F01883,2025-09-28,C00653,2,10
F01884,2025-09-01,C00203,4,5
F01885,2025-08-27,C00186,2,9
F01886,2025-01-13,C00494,5,10
F01887,2025-11-02,C01110,4,9
F01888,2025-11-14,C00321,4,9
F01889,2025-09-19,C00945,4,8
F01890,2025-04-09,C00563,4,5
F01891,2025-08-10,C00962,5,4
F01892,2025-01-09,C00881,3,5
F01893,2025-01-11,C00442,4,6
F01894,2025-02-03,C00954,5,5
F01895,2025-09-21,C01199,5,10
F01896,2025-05-16,C00538,5,9
F01897,2025-06-05,C00277,5,9
F01898,2025-08-07,C00271,4,7
F01899,2025-01-30,C00438,4,9
F01900,2025-03-07,C00450,4,10
F01901,2025-07-09,C01155,4,10
F01902,2025-04-11,C00030,4,8
F01903,2025-07-08,C00211,4,9
F01904,2025-06-20,C01177,5,5
F01905,2025-06-12,C01112,5,10
F01906,2025-03-25,C00236,5,9
F01907,2025-10-23,C01054,5,5
F01908,2025-07-30,C00140,5,8
F01909,2025-03-02,C00032,5,10
F01910,2025-05-09,C00747,3,8
F01911,2025-05-20,C01055,3,10
F01912,2025-11-18,C00434,4,7
F01913,2025-08-31,C00194,5,10
F01914,2025-10-18,C00181,4,0
F01915,2025-11-25,C00625,2,5
F01916,2025-11-14,C00093,5,10
F01917,2025-10-21,C01029,5,10
F01918,2025-08-31,C00844,5,10
F01919,2025-06-21,C01124,4,9
F01920,2025-09-13,C00122,5,6
F01921,2025-01-27,C00633,4,10
F01922,2025-08-02,C00189,5,7
F01923,2025-03-04,C00121,4,8
F01924,2025-04-28,C00198,5,8
F01925,2025-04-10,C00973,4,9
F01926,2025-10-07,C01180,4,9
F01927,2025-11-06,C01190,5,10
F01928,2025-10-05,C00762,5,8
F01929,2025-09-27,C00551,4,6
F01930,2025-05-18,C00285,5,9
F01931,2025-11-14,C00767,5,6
F01932,2025-05-30,C00856,5,10
F01933,2025-11-24,C01150,5,10
F01934,2025-11-24,C00949,1,9
F01935,2025-01-10,C00623,5,4
F01936,2025-10-29,C00565,2,8
F01937,2025-10-18,C00103,5,9
F01938,2025-07-22,C00340,3,10
F01939,2025-02-04,C00484,4,9
F01940,2025-02-14,C00863,4,8
F01941,2025-06-29,C00456,4,6
F01942,2025-07-15,C00460,4,9
F01943,2025-02-21,C00034,5,9
F01944,2025-07-10,C00579,5,9
F01945,2025-08-14,C00881,5,8
F01946,2025-05-29,C00486,5,10
F01947,2025-02-11,C00065,4,7
F01948,2025-02-20,C01174,5,10
F01949,2025-07-12,C00334,5,10
F01950,2025-12-09,C00638,5,9
F01951,2025-07-19,C00048,4,9
F01952,2025-07-30,C00557,4,9
F01953,2025-04-17,C00582,2,8
F01954,2025-11-08,C00958,4,10
F01955,2025-08-22,C01021,5,10
F01956,2025-08-14,C00648,4,9
F01957,2025-01-10,C00013,5,10
F01958,2025-12-13,C00357,5,1
F01959,2025-04-11,C00614,2,10
F01960,2025-01-19,C00172,1,9
F01961,2025-11-25,C00330,4,10
F01962,2025-04-20,C00444,4,9
F01963,2025-08-18,C00587,1,9
F01964,2025-04-05,C00833,5,9
F01965,2025-06-20,C01164,4,10
F01966,2025-09-02,C01175,2,10
F01967,2025-09-20,C00892,5,10
F01968,2025-05-18,C00921,5,10
F01969,2025-03-25,C00691,4,10
F01970,2025-06-13,C00325,5,3
F01971,2025-04-24,C01117,5,10
F01972,2025-08-27,C00814,4,10
F01973,2025-03-26,C00318,5,10
F01974,2025-06-26,C00744,5,9
F01975,2025-03-16,C00916,5,9
F01976,2025-08-16,C01031,3,9
F01977,2025-12-09,C00388,5,8
F01978,2025-12-05,C01105,4,9
F01979,2025-05-22,C01030,5,9
F01980,2025-09-07,C00431,3,9
F01981,2025-10-18,C00443,4,5
F01982,2025-06-06,C00440,5,8
F01983,2025-01-24,C00816,4,7
F01984,2025-08-25,C00997,2,10
F01985,2025-02-07,C00797,4,9
F01986,2025-05-19,C00785,5,4
F01987,2025-09-20,C00375,4,0
F01988,2025-04-08,C00405,5,10
F01989,2025-05-25,C00108,2,9
F01990,2025-02-15,C00623,5,10
F01991,2025-04-27,C00316,4,7
F01992,2025-11-10,C00406,3,10
F01993,2025-09-10,C00668,4,9
F01994,2025-05-31,C00523,4,9
F01995,2025-11-30,C00722,5,10
F01996,2025-04-25,C00352,4,9
F01997,2025-05-14,C00063,5,9
F01998,2025-06-18,C00574,3,8
F01999,2025-02-22,C00758,5,9
F02000,2025-08-31,C01101,4,9
F02001,2025-05-04,C00232,5,10
F02002,2025-12-14,C00499,5,9
F02003,2025-05-18,C00750,3,9
F02004,2025-09-22,C00726,5,10
F02005,2025-03-29,C00505,5,0
F02006,2025-08-10,C00799,4,10
F02007,2025-08-06,C00204,3,10
F02008,2025-06-24,C01131,4,9
F02009,2025-06-02,C00432,4,9
F02010,2025-10-08,C00016,5,9
F02011,2025-02-02,C00879,2,10
F02012,2025-08-01,C00311,5,8
F02013,2025-09-15,C00299,5,10
F02014,2025-07-22,C00526,5,8
F02015,2025-06-14,C00811,4,9
F02016,2025-06-30,C00043,3,9
F02017,2025-11-28,C00854,4,9
F02018,2025-05-06,C00900,4,10
F02019,2025-03-27,C00283,4,8
F02020,2025-11-01,C01157,5,10
F02021,2025-04-18,C00432,5,10
F02022,2025-03-03,C00505,5,10
F02023,2025-05-06,C00366,5,10
F02024,2025-06-22,C00045,5,9
F02025,2025-11-21,C00841,4,10
F02026,2025-04-30,C00607,2,8
F02027,2025-08-22,C00696,4,9
F02028,2025-02-04,C01059,4,8
F02029,2025-06-05,C01041,5,10
F02030,2025-05-18,C00382,5,7
F02031,2025-05-31,C00243,5,8
F02032,2025-05-03,C00029,4,4
F02033,2025-08-08,C00562,3,10
F02034,2025-06-20,C01175,5,6
F02035,2025-01-14,C01027,5,9
F02036,2025-01-05,C00403,4,10
F02037,2025-05-22,C00435,5,10
F02038,2025-07-30,C00626,4,9
F02039,2025-02-24,C00563,3,8
F02040,2025-04-19,C00755,4,8
F02041,2025-07-02,C00133,5,8
F02042,2025-01-09,C00877,4,10
F02043,2025-01-14,C01029,5,7
F02044,2025-05-12,C00380,4,10
F02045,2025-04-12,C00733,5,9
F02046,2025-03-31,C00316,5,9
F02047,2025-06-21,C00744,5,4
F02048,2025-03-29,C00914,5,8
F02049,2025-10-13,C00530,5,10
F02050,2025-07-06,C00691,5,9
F02051,2025-09-17,C00851,4,6
F02052,2025-10-18,C01135,5,10
F02053,2025-10-08,C01079,5,8
F02054,2025-10-11,C00031,5,10
F02055,2025-11-05,C00804,5,10
F02056,2025-03-20,C00104,5,9
F02057,2025-06-25,C00398,3,9
F02058,2025-12-08,C00773,4,8
F02059,2025-08-30,C00886,3,6
F02060,2025-05-18,C01113,3,5
F02061,2025-08-26,C00562,5,9
F02062,2025-06-14,C01142,3,10
F02063,2025-08-27,C00016,4,9
F02064,2025-03-14,C00767,1,10
F02065,2025-01-17,C00674,5,8
F02066,2025-09-27,C00808,4,9
F02067,2025-05-20,C01080,4,10
F02068,2025-02-13,C00536,3,8
F02069,2025-11-19,C01088,5,9
F02070,2025-12-18,C00990,1,10
F02071,2025-03-18,C01146,3,7
F02072,2025-03-19,C00120,5,8
F02073,2025-08-14,C00063,4,8
F02074,2025-05-19,C00827,4,10
F02075,2025-02-24,C01107,5,9
F02076,2025-02-20,C00700,5,9
F02077,2025-05-06,C00553,4,7
F02078,2025-02-01,C01009,5,0
F02079,2025-05-18,C00452,4,7
F02080,2025-06-06,C00457,5,9
F02081,2025-05-16,C00400,5,9
F02082,2025-02-21,C00334,3,10
F02083,2025-11-23,C00983,4,10
F02084,2025-05-10,C00234,4,8
F02085,2025-08-27,C00017,2,10
F02086,2025-06-20,C00513,5,9
F02087,2025-10-11,C00740,4,9
F02088,2025-05-23,C00328,5,8
F02089,2025-10-10,C00450,4,9
F02090,2025-04-29,C00446,5,10
F02091,2025-05-27,C00515,5,9
F02092,2025-12-24,C01070,5,8
F02093,2025-02-27,C01059,5,7
F02094,2025-12-14,C01046,5,10
F02095,2025-04-23,C00932,5,9
F02096,2025-01-14,C00790,1,9
F02097,2025-12-02,C00001,4,2
F02098,2025-10-25,C01174,5,7
F02099,2025-12-16,C00334,5,10
F02100,2025-02-22,C00402,3,10
F02101,2025-11-27,C00681,5,10
F02102,2025-08-13,C00959,4,9
F02103,2025-08-31,C00833,5,10
F02104,2025-10-23,C00491,1,9
F02105,2025-12-08,C00739,2,8
F02106,2025-05-22,C00314,2,10
F02107,2025-03-30,C01035,4,5
F02108,2025-03-18,C00600,3,6
F02109,2025-09-30,C01056,4,9
F02110,2025-01-27,C00948,3,10
F02111,2025-05-17,C00533,5,7
F02112,2025-09-28,C01194,3,9
F02113,2025-07-10,C01132,4,3
F02114,2025-12-18,C00750,1,10
F02115,2025-06-22,C01061,3,9
F02116,2025-01-08,C00765,4,10
F02117,2025-05-06,C01172,4,8
F02118,2025-08-21,C00046,5,8
F02119,2025-01-28,C00307,4,9
F02120,2025-07-02,C00373,4,9
F02121,2025-11-25,C00642,5,9
F02122,2025-01-21,C01075,4,10
F02123,2025-06-01,C00539,5,9
F02124,2025-05-02,C00334,4,9
F02125,2025-07-30,C00370,5,10
F02126,2025-03-11,C00898,5,9
F02127,2025-09-15,C00222,5,9
F02128,2025-05-01,C00019,4,10
F02129,2025-06-11,C00596,5,10
F02130,2025-01-07,C01012,4,9
F02131,2025-10-10,C00599,5,8
F02132,2025-05-25,C00600,3,6
F02133,2025-10-17,C00537,5,8
F02134,2025-12-01,C00575,5,10
F02135,2025-12-10,C00961,2,9
F02136,2025-10-22,C00622,4,8
F02137,2025-01-29,C00111,5,10
F02138,2025-01-13,C01038,4,9
F02139,2025-06-19,C00189,5,7
F02140,2025-05-26,C01082,3,10
F02141,2025-02-03,C01144,5,9
F02142,2025-09-26,C01017,4,9
F02143,2025-10-25,C00007,1,6
F02144,2025-03-06,C00069,5,7
F02145,2025-01-20,C01055,5,6
F02146,2025-03-10,C00499,4,0
F02147,2025-02-14,C00235,5,10
F02148,2025-09-19,C00611,5,9
F02149,2025-06-28,C00418,5,9
F02150,2025-02-06,C01019,5,8
F02151,2025-06-22,C00696,4,7
F02152,2025-07-30,C00002,5,9
F02153,2025-01-14,C00612,3,9
F02154,2025-04-17,C00654,5,10
F02155,2025-07-13,C00776,3,10
F02156,2025-07-18,C00626,4,10
F02157,2025-04-23,C00730,5,7
F02158,2025-11-01,C01020,3,9
F02159,2025-05-28,C00970,2,8
F02160,2025-04-08,C01193,5,9
F02161,2025-03-17,C00011,5,9
F02162,2025-10-29,C00289,5,10
F02163,2025-01-11,C01047,2,10
F02164,2025-07-21,C00524,2,5
F02165,2025-06-23,C00262,5,0
F02166,2025-05-15,C01041,5,8
F02167,2025-02-28,C00233,1,9
F02168,2025-09-07,C00808,5,10
F02169,2025-09-02,C01063,5,5
F02170,2025-07-05,C01085,4,10
F02171,2025-09-21,C01088,4,7
F02172,2025-07-18,C00220,3,9
F02173,2025-07-01,C00862,5,9
F02174,2025-05-10,C00379,5,8
F02175,2025-09-18,C00389,2,9
F02176,2025-05-14,C00578,3,8
F02177,2025-01-23,C00682,5,10
F02178,2025-12-30,C00531,5,10
F02179,2025-12-10,C00955,5,8
F02180,2025-06-26,C00202,5,10
F02181,2025-11-13,C00994,5,10
F02182,2025-06-15,C01066,3,9
F02183,2025-03-08,C00792,4,7
F02184,2025-08-29,C01139,5,9
F02185,2025-05-13,C00593,5,7
F02186,2025-11-03,C00528,5,9
F02187,2025-05-02,C00854,4,9
F02188,2025-02-02,C00786,3,10
F02189,2025-05-14,C01086,4,5
F02190,2025-01-03,C00388,5,10
F02191,2025-01-15,C01180,4,7
F02192,2025-03-10,C00978,1,9
F02193,2025-03-22,C00849,4,1
F02194,2025-09-12,C00720,5,9
F02195,2025-05-14,C00236,5,10
F02196,2025-02-02,C00280,2,10
F02197,2025-05-23,C00873,4,9
F02198,2025-07-22,C00899,2,10
F02199,2025-01-09,C00799,4,9
F02200,2025-02-01,C00274,5,7
F02201,2025-11-30,C00376,5,10
F02202,2025-07-08,C01077,5,9
F02203,2025-05-21,C01139,3,10
F02204,2025-08-18,C01154,5,10
F02205,2025-11-21,C00984,4,6
F02206,2025-09-05,C00126,4,10
F02207,2025-01-10,C00470,5,4
F02208,2025-04-30,C00009,4,10
F02209,2025-11-03,C00539,5,9
F02210,2025-11-05,C00519,3,10
F02211,2025-03-04,C00241,5,10
F02212,2025-09-06,C00942,5,9
F02213,2025-04-17,C00957,2,9
F02214,2025-02-18,C00549,3,10
F02215,2025-03-16,C00094,5,6
F02216,2025-06-20,C00512,5,9
F02217,2025-03-21,C00497,5,9
F02218,2025-10-09,C00814,5,4
F02219,2025-06-10,C01022,5,7
F02220,2025-09-16,C00549,3,9
F02221,2025-01-20,C00290,5,10
F02222,2025-06-23,C00692,5,9
F02223,2025-09-26,C00384,3,10
F02224,2025-07-01,C00956,5,10
F02225,2025-04-09,C00307,5,8
F02226,2025-06-27,C00732,3,8
F02227,2025-10-17,C00252,3,10
F02228,2025-02-18,C00576,5,9
F02229,2025-09-21,C00730,4,10
F02230,2025-04-28,C01088,4,7
F02231,2025-12-21,C00672,5,8
F02232,2025-02-06,C01196,2,10
F02233,2025-10-13,C01033,1,10
F02234,2025-04-01,C00240,4,8
F02235,2025-07-04,C00350,2,9
F02236,2025-05-31,C00616,3,10
F02237,2025-05-20,C00047,4,10
F02238,2025-10-03,C00592,5,2
F02239,2025-05-12,C00092,5,8
F02240,2025-10-28,C00934,4,8
F02241,2025-01-28,C00485,4,9
F02242,2025-05-22,C00083,4,10
F02243,2025-08-03,C00474,5,10
F02244,2025-03-10,C01179,3,9
F02245,2025-01-19,C00337,5,9
F02246,2025-06-30,C00375,5,9
F02247,2025-10-13,C00309,5,8
F02248,2025-04-10,C01125,5,10
F02249,2025-04-29,C00686,4,10
F02250,2025-01-10,C00635,5,10
F02251,2025-08-05,C00866,4,9
F02252,2025-05-22,C00795,5,10
F02253,2025-05-23,C00875,5,9
F02254,2025-04-13,C01165,4,10
F02255,2025-07-06,C01070,4,5
F02256,2025-03-04,C00334,5,10
F02257,2025-01-03,C00994,3,6
F02258,2025-11-27,C00284,5,10
F02259,2025-05-02,C00912,4,10
F02260,2025-11-02,C00432,4,7
F02261,2025-02-07,C00080,5,9
F02262,2025-09-01,C00323,5,5
F02263,2025-08-08,C01178,5,9
F02264,2025-04-26,C00028,3,8
F02265,2025-09-11,C00414,3,9
F02266,2025-03-17,C01083,1,8
F02267,2025-12-03,C00508,3,9
F02268,2025-06-21,C01011,3,7
F02269,2025-08-17,C00565,5,8
F02270,2025-02-12,C00453,4,9
F02271,2025-07-27,C00165,4,10
F02272,2025-06-23,C00586,5,9
F02273,2025-04-06,C00527,5,9
F02274,2025-09-23,C01022,5,1
F02275,2025-08-30,C00706,4,10
F02276,2025-07-08,C01017,5,9
F02277,2025-05-26,C00779,5,10
F02278,2025-11-06,C01138,5,10
F02279,2025-02-09,C01143,1,9
F02280,2025-01-05,C00469,1,9
F02281,2025-02-19,C00337,5,7
F02282,2025-12-20,C00809,4,10
F02283,2025-04-27,C00688,5,6
F02284,2025-02-25,C01060,1,10
F02285,2025-07-29,C01152,5,8
F02286,2025-11-13,C00279,5,10
F02287,2025-03-31,C00478,2,8
F02288,2025-10-24,C00598,4,10
F02289,2025-10-21,C00521,4,0
F02290,2025-07-10,C01016,4,9
F02291,2025-12-07,C00999,5,10
F02292,2025-12-02,C00891,5,10
F02293,2025-07-22,C01175,5,9
F02294,2025-11-09,C00122,5,10
F02295,2025-05-18,C00752,5,9
F02296,2025-03-06,C00869,5,5
F02297,2025-01-19,C00961,4,10
F02298,2025-12-05,C00496,2,10
F02299,2025-08-09,C00880,5,6
F02300,2025-01-19,C00381,4,8
F02301,2025-03-05,C01190,4,9
F02302,2025-06-09,C00216,5,7
F02303,2025-11-07,C00729,4,9
F02304,2025-01-14,C00744,4,1
F02305,2025-02-17,C00681,5,10
F02306,2025-09-19,C00417,5,3
F02307,2025-01-10,C00037,5,9
F02308,2025-03-11,C01140,3,7
F02309,2025-03-16,C00498,5,9
F02310,2025-01-06,C00032,4,8
F02311,2025-03-27,C00616,4,10
F02312,2025-02-05,C01085,5,7
F02313,2025-10-16,C00484,4,10
F02314,2025-03-27,C00596,5,6
F02315,2025-08-12,C00359,3,9
F02316,2025-07-23,C00500,5,3
F02317,2025-09-24,C00399,5,9
F02318,2025-06-12,C00522,3,10
F02319,2025-11-24,C00035,4,8
F02320,2025-04-23,C00139,3,9
F02321,2025-05-04,C00731,4,10
F02322,2025-04-28,C00695,5,8
F02323,2025-12-01,C00691,5,9
F02324,2025-10-08,C00259,5,10
F02325,2025-06-13,C00212,5,9
F02326,2025-07-15,C00493,5,7
F02327,2025-05-02,C01172,3,9
F02328,2025-12-09,C00295,1,8
F02329,2025-07-27,C00559,3,9
F02330,2025-11-19,C00736,4,8
F02331,2025-04-16,C00206,5,6
F02332,2025-11-18,C00757,4,10
F02333,2025-01-26,C00064,3,6
F02334,2025-06-06,C00699,4,10
F02335,2025-05-21,C00877,5,9
F02336,2025-03-14,C01042,5,10
F02337,2025-03-16,C00444,5,10
F02338,2025-12-25,C00840,5,9
F02339,2025-11-11,C01031,5,9
F02340,2025-04-12,C00808,4,9
F02341,2025-03-14,C00151,5,9
F02342,2025-04-09,C00569,3,7
F02343,2025-03-08,C00066,5,8
F02344,2025-02-19,C01193,5,10
F02345,2025-02-17,C00313,4,10
F02346,2025-01-12,C00212,5,9
F02347,2025-05-26,C00653,2,10
F02348,2025-10-06,C00557,5,9
F02349,2025-01-06,C00356,4,10
F02350,2025-10-10,C01140,5,7
F02351,2025-01-11,C00350,5,10
F02352,2025-09-20,C00890,3,9
F02353,2025-01-16,C00115,4,10
F02354,2025-06-20,C01159,3,10
F02355,2025-03-01,C00019,5,10
F02356,2025-02-14,C00870,5,5
F02357,2025-01-21,C00720,5,10
F02358,2025-06-08,C00825,4,8
F02359,2025-02-18,C00811,3,10
F02360,2025-02-10,C00148,2,10
F02361,2025-08-21,C00539,4,2
F02362,2025-08-08,C00492,3,10
F02363,2025-05-14,C01076,2,5
F02364,2025-11-26,C01092,5,10
F02365,2025-08-11,C00557,5,2
F02366,2025-09-20,C00104,3,10
F02367,2025-09-16,C00141,4,10
F02368,2025-04-15,C00015,5,10
F02369,2025-08-20,C00049,4,7
F02370,2025-06-18,C00186,4,9
F02371,2025-12-14,C00469,4,10
F02372,2025-07-27,C00908,4,8
F02373,2025-04-27,C00827,5,9
F02374,2025-05-30,C00471,5,10
F02375,2025-12-17,C00428,1,9
F02376,2025-06-01,C01132,4,10
F02377,2025-12-22,C00004,3,10
F02378,2025-05-18,C01152,4,7
F02379,2025-07-10,C01158,4,6
F02380,2025-05-03,C00078,4,10
F02381,2025-08-19,C00637,3,10
F02382,2025-01-10,C01179,1,10
F02383,2025-04-05,C00913,4,10
F02384,2025-03-28,C00665,5,10
F02385,2025-04-04,C00527,5,7
F02386,2025-11-29,C00187,3,7
F02387,2025-04-18,C00990,4,6
F02388,2025-08-11,C00900,5,9
F02389,2025-09-02,C01157,2,10
F02390,2025-11-26,C01139,4,7
F02391,2025-01-16,C00287,4,10
F02392,2025-12-17,C01081,5,8
F02393,2025-06-10,C00752,4,10
F02394,2025-01-02,C00450,4,6
F02395,2025-11-19,C00477,5,0
F02396,2025-11-23,C00155,4,8
F02397,2025-03-02,C01072,4,8
F02398,2025-08-10,C00365,4,9
F02399,2025-09-03,C01059,5,9
F02400,2025-07-26,C00952,5,8
F02401,2025-03-11,C00187,5,9
F02402,2025-03-12,C01013,4,7
F02403,2025-04-13,C00879,4,10
F02404,2025-12-26,C00707,5,7
F02405,2025-01-31,C00147,5,8
F02406,2025-07-18,C00719,4,9
F02407,2025-01-06,C01118,3,9
F02408,2025-08-05,C00352,4,10
F02409,2025-11-12,C01114,4,5
F02410,2025-11-20,C00708,3,9
F02411,2025-12-06,C00899,5,5
F02412,2025-08-28,C00229,5,10
F02413,2025-03-01,C00399,4,1
F02414,2025-06-19,C00252,4,8
F02415,2025-02-21,C01064,3,3
F02416,2025-09-21,C00878,5,9
F02417,2025-01-29,C00367,5,0
F02418,2025-10-09,C00696,3,9
F02419,2025-08-19,C00707,4,10
F02420,2025-09-28,C00134,3,10
F02421,2025-12-15,C00703,5,10
F02422,2025-12-30,C00133,4,10
F02423,2025-01-28,C01029,5,8
F02424,2025-08-22,C00720,3,5
F02425,2025-03-17,C00916,4,10
F02426,2025-04-15,C00533,5,9
F02427,2025-04-10,C00097,4,8
F02428,2025-08-03,C00144,5,9
F02429,2025-01-02,C00865,4,9
F02430,2025-12-27,C01068,4,10
F02431,2025-02-26,C00465,5,10
F02432,2025-11-06,C00766,5,10
F02433,2025-04-02,C00499,5,10
F02434,2025-12-11,C01039,4,1
F02435,2025-07-13,C00287,5,7
F02436,2025-07-18,C00851,5,10
F02437,2025-08-22,C00565,4,9
F02438,2025-11-12,C00669,4,9
F02439,2025-07-31,C00513,5,9
F02440,2025-01-31,C00562,3,8
F02441,2025-03-13,C00838,2,7
F02442,2025-01-07,C00592,4,8
F02443,2025-08-30,C00493,3,1
F02444,2025-02-17,C00473,5,8
F02445,2025-03-19,C00185,2,10
F02446,2025-01-18,C00534,5,3
F02447,2025-08-18,C00410,4,5
F02448,2025-08-01,C01033,5,9
F02449,2025-06-06,C00046,5,5
F02450,2025-11-16,C00329,3,10
F02451,2025-08-21,C00501,3,10
F02452,2025-10-10,C00584,5,2
F02453,2025-05-04,C00779,4,10
F02454,2025-03-20,C00218,5,9
F02455,2025-01-10,C00997,4,8
F02456,2025-03-07,C00567,5,7
F02457,2025-10-01,C01096,4,8
F02458,2025-09-30,C00875,3,10
F02459,2025-05-18,C00121,5,5
F02460,2025-01-07,C01118,5,9
F02461,2025-01-05,C01044,5,0
F02462,2025-06-29,C00847,5,8
F02463,2025-08-29,C00518,5,8
F02464,2025-07-17,C00990,5,5
F02465,2025-11-08,C00441,4,5
F02466,2025-04-26,C00194,3,1
F02467,2025-04-26,C00026,5,8
F02468,2025-08-21,C00274,5,10
F02469,2025-06-03,C00263,4,10
F02470,2025-09-28,C00636,4,9
F02471,2025-09-16,C01158,4,9
F02472,2025-06-11,C00463,1,9
F02473,2025-01-03,C00752,3,9
F02474,2025-08-13,C00935,5,8
F02475,2025-12-23,C00853,5,9
F02476,2025-08-09,C00779,5,10
F02477,2025-02-02,C00851,4,2
F02478,2025-08-28,C00970,5,8
F02479,2025-02-09,C01170,5,1
F02480,2025-05-12,C00342,5,7
F02481,2025-12-31,C00218,5,9
F02482,2025-02-23,C00011,1,10
F02483,2025-06-20,C00960,5,9
F02484,2025-12-08,C00883,5,8
F02485,2025-07-25,C00562,4,10
F02486,2025-11-27,C01139,5,8
F02487,2025-02-24,C00356,5,9
F02488,2025-07-04,C00564,5,10
F02489,2025-02-14,C00958,5,10
F02490,2025-07-29,C00126,4,9
F02491,2025-01-21,C00111,5,8
F02492,2025-10-26,C00314,4,10
F02493,2025-07-14,C00782,4,1
F02494,2025-02-05,C00149,5,9
F02495,2025-08-22,C00622,3,10
F02496,2025-09-21,C00593,4,9
F02497,2025-03-02,C00790,5,9
F02498,2025-06-24,C01052,4,8
F02499,2025-12-21,C00008,5,2
F02500,2025-08-30,C00477,5,9
F02501,2025-08-11,C00437,1,5
F02502,2025-04-30,C00140,5,8
F02503,2025-11-08,C00691,5,10
F02504,2025-08-06,C00499,4,9
F02505,2025-10-29,C01000,5,5
F02506,2025-07-26,C00610,2,10
F02507,2025-06-27,C00702,5,10
F02508,2025-05-07,C00381,2,10
F02509,2025-05-18,C00231,5,10
F02510,2025-01-20,C00785,3,5
F02511,2025-04-21,C01151,4,10
F02512,2025-11-14,C00498,3,10
F02513,2025-08-01,C01080,1,9
F02514,2025-11-26,C00673,1,9
F02515,2025-09-20,C00630,4,10
F02516,2025-01-16,C00081,5,7
F02517,2025-09-16,C00121,5,9
F02518,2025-01-30,C00531,5,9
F02519,2025-07-12,C00826,4,8
F02520,2025-02-06,C00581,5,10
F02521,2025-06-15,C00976,5,10
F02522,2025-01-22,C00445,5,10
F02523,2025-06-04,C00228,5,9
F02524,2025-11-21,C01024,3,9
F02525,2025-10-28,C00563,5,10
F02526,2025-05-16,C00818,4,10
F02527,2025-07-20,C00890,3,5
F02528,2025-02-06,C00823,4,0
F02529,2025-08-17,C00344,5,10
F02530,2025-05-11,C00128,5,9
F02531,2025-02-06,C00795,3,9
F02532,2025-08-19,C00547,5,10
F02533,2025-11-12,C01129,3,10
F02534,2025-05-03,C00718,5,10
F02535,2025-11-16,C00167,5,7
F02536,2025-01-02,C00071,3,6
F02537,2025-10-24,C00317,4,9
F02538,2025-06-07,C00734,5,10
F02539,2025-08-24,C00249,3,9
F02540,2025-02-06,C00465,5,10
F02541,2025-05-26,C00423,2,9
F02542,2025-02-07,C00191,4,9
F02543,2025-01-31,C00870,3,9
F02544,2025-02-04,C00968,4,9
F02545,2025-11-13,C00051,4,7
F02546,2025-12-12,C00905,5,9
F02547,2025-10-10,C00520,5,9
F02548,2025-05-08,C00517,5,9
F02549,2025-01-02,C00080,5,10
F02550,2025-08-19,C00800,5,10
F02551,2025-02-03,C00061,5,8
F02552,2025-04-08,C00081,4,9
F02553,2025-07-03,C00365,4,10
F02554,2025-12-31,C00122,5,10
F02555,2025-12-02,C01199,3,10
F02556,2025-03-05,C00106,5,8
F02557,2025-06-12,C00048,5,10
F02558,2025-07-29,C00348,5,8
F02559,2025-02-21,C00766,5,8
F02560,2025-10-18,C01109,4,8
F02561,2025-08-03,C00922,5,10
F02562,2025-05-17,C01183,3,9
F02563,2025-02-23,C00458,5,10
F02564,2025-05-06,C00101,4,10
F02565,2025-01-31,C01193,4,10
F02566,2025-10-08,C00548,5,8
F02567,2025-12-18,C01179,3,10
F02568,2025-04-06,C00533,5,10
F02569,2025-03-07,C00985,5,9
F02570,2025-12-24,C00142,5,10
F02571,2025-03-24,C00072,5,3
F02572,2025-09-13,C00037,5,10
F02573,2025-11-20,C00241,1,10
F02574,2025-07-13,C00337,4,9
F02575,2025-05-03,C00877,5,10
F02576,2025-02-07,C00949,1,10
F02577,2025-12-31,C00518,5,2
F02578,2025-03-09,C00816,4,10
F02579,2025-11-18,C01022,5,7
F02580,2025-12-31,C00981,5,9
F02581,2025-05-16,C00202,4,10
F02582,2025-09-21,C01062,3,10
F02583,2025-02-21,C01109,5,10
F02584,2025-05-23,C00889,3,8
F02585,2025-11-12,C00406,5,9
F02586,2025-11-03,C00725,3,6
F02587,2025-07-14,C00151,3,6
F02588,2025-09-21,C00596,5,9
F02589,2025-10-20,C00151,4,10
F02590,2025-07-15,C00542,3,10
F02591,2025-11-19,C00237,5,9
F02592,2025-10-11,C00233,5,10
F02593,2025-03-17,C00393,5,9
F02594,2025-03-10,C00758,5,9
F02595,2025-01-08,C00508,4,10
F02596,2025-01-24,C00632,3,8
F02597,2025-07-25,C00390,4,8
F02598,2025-08-08,C00523,5,7
F02599,2025-07-24,C00878,4,10
F02600,2025-11-18,C00572,4,6
