month,channel,spend
2025-01-01,Paid Search,45943.19
2025-01-01,Social Media,28030.85
2025-01-01,Email,12099.9
2025-01-01,Referral,9027.8
2025-02-01,Paid Search,44045.06
2025-02-01,Social Media,28859.63
2025-02-01,Email,11773.69
2025-02-01,Referral,8284.62
2025-03-01,Paid Search,42614.26
2025-03-01,Social Media,28991.9
2025-03-01,Email,13461.63
2025-03-01,Referral,9384.14
2025-04-01,Paid Search,38975.79
2025-04-01,Social Media,29641.25
2025-04-01,Email,11976.1
2025-04-01,Referral,9646.21
2025-05-01,Paid Search,43408.75
2025-05-01,Social Media,31533.08
2025-05-01,Email,10159.46
2025-05-01,Referral,10767.11
2025-06-01,Paid Search,35868.95
2025-06-01,Social Media,28390.46
2025-06-01,Email,13104.27
2025-06-01,Referral,8148.47
2025-07-01,Paid Search,39983.62
2025-07-01,Social Media,32330.7
2025-07-01,Email,13660.63
2025-07-01,Referral,10365.95
2025-08-01,Paid Search,35888.46
2025-08-01,Social Media,29764.76
2025-08-01,Email,9843.9
2025-08-01,Referral,10394.07
2025-09-01,Paid Search,51129.97
2025-09-01,Social Media,30126.03
2025-09-01,Email,13393.1
2025-09-01,Referral,7885.07
2025-10-01,Paid Search,48371.24
2025-10-01,Social Media,24136.09
2025-10-01,Email,11404.6
2025-10-01,Referral,7804.21
2025-11-01,Paid Search,40937.28
2025-11-01,Social Media,29725.1
2025-11-01,Email,14150.16
2025-11-01,Referral,8412.3
2025-12-01,Paid Search,35880.95
2025-12-01,Social Media,24766.79
2025-12-01,Email,12460.17
2025-12-01,Referral,9888.63
